Rk,Player▲,Age,Team,Lg,PA,rOBA,Rbat+,BAbip,ISO,HR%,SO%,BB%,EV,HardH%,LD%,GB%,FB%,GB/FB,Pull%,Cent%,Oppo%,WPA,cWPA,RE24,RS%,SB%,XBT%,Pos,Awards,player_id
1,CJ Abrams*,24,WSN,NL,386,0.372,136,0.308,0.198,3.4,16.6,6.5,89,41.5,25.1,41.5,24.7,0.71,33.8,52.3,13.9,1.7,0.30%,11.04,42,90.9,71.1,*6/H,,abramcj01
2,Bryan Abreu,28,HOU,AL,0,,,,,,,,,,,,,,,,,,,,,,,1,,abreubr01
3,Wilyer Abreu*,26,BOS,AL,314,0.349,124,0.273,0.253,6.4,24.2,9.9,91.4,46.9,17.9,31.9,39.6,0.47,38.6,42.5,18.8,0.5,0.00%,5.7,28,62.5,33.3,*9H/D,,abreuwi02
4,Luisangel Acuña,23,NYM,NL,172,0.274,66,0.302,0.045,0,18.6,6.4,85.8,36.8,22.7,52.3,17.2,1.2,12.5,60.9,26.6,-0.9,-0.70%,-13.92,48,92.3,65,4H/658,,acunajo01
5,Ronald Acuña Jr.,27,ATL,NL,215,0.444,187,0.415,0.281,6,27.4,17.2,92.4,52.1,21.8,42.9,31.9,0.75,22.7,60.5,16.8,0.8,0.20%,15.59,40.7,100,47.1,9/H,AS,acunaro01
6,Willy Adames,29,SFG,NL,429,0.319,108,0.283,0.175,3.5,26.1,11.2,89.7,46,19.5,33.8,36.8,0.51,28.6,55.3,16.2,0.9,0.50%,6.04,36.4,66.7,43.2,*6/D,,adamewi01
7,Jordyn Adams,25,BAL,AL,1,0,-127,0,0,0,0,0,77.2,0,0,0,100,0,0,0,100,0,0.00%,-0.3,,,,/8H,,adamsjo03
8,Riley Adams,29,WSN,NL,126,0.254,59,0.25,0.169,4,42.1,5.6,91.5,48.4,16.9,55.4,24.6,1.24,35.4,46.2,18.5,-1,-0.20%,-5.97,34.8,,27.3,2/H,,adamsri03
9,Jo Adell,26,LAA,AL,347,0.343,116,0.258,0.243,6.1,24.2,6.6,91.4,49.8,24.3,39.6,26.5,0.65,25.2,54.8,20,1.3,0.70%,10.49,19.8,100,46.2,*89/H,,adelljo01
10,Zach Agnos,24,COL,NL,0,,,,,,,,,,,,,,,,,,,,,,,1,,agnosza01
11,Nick Ahmed,35,TEX,AL,10,0.183,-5,0,0,0,30,10,83.4,16.7,0,66.7,16.7,2,50,33.3,16.7,-0.3,-0.20%,-2.31,100,100,100,/6,,ahmedni01
12,Keegan Akin*,30,BAL,AL,0,,,,,,,,,,,,,,,,,,,,,,,1,,akinke01
13,Ozzie Albies#,28,ATL,NL,424,0.288,75,0.247,0.108,2.1,15.8,8.5,87.4,30,23.7,34.7,30.6,0.53,39.1,47.3,13.6,-2.6,-0.90%,-10.33,28.4,88.9,72.4,*4,,albieoz01
14,Sergio Alcántara#,28,SFG,NL,4,0,-117,0,0,0,50,0,84.2,0,0,50,50,1,0,50,50,0,0.00%,-1.25,,,,/56,,alcanse01
15,Blaze Alexander,26,ARI,NL,42,0.353,114,0.36,0.111,0,26.2,7.1,90.2,53.8,19.2,65.4,11.5,2.13,23.1,42.3,34.6,-0.3,-0.10%,-1.78,42.9,100,50,/4H5D,,alexabl01
16,CJ Alexander*,28,ATH,AL,17,0.158,-17,0.333,0,0,47.1,0,81.7,11.1,33.3,22.2,22.2,0.29,55.6,33.3,11.1,-0.2,0.00%,-3.62,0,,,/35H79,,alexacj01
17,Tyler Alexander,30,CHW,AL,1,0,-136,0,0,0,0,0,93.6,0,0,100,0,,0,0,100,-0.1,0.00%,-0.41,,,,1,,alexaty01
18,Nick Allen,26,ATL,NL,301,0.258,58,0.308,0.03,0,22.6,8,82.7,21,24.3,47.1,18,0.95,21.4,54.9,23.8,-1.5,-0.50%,-19.74,28.1,54.5,53.8,*6/H,,allenni02
19,Pete Alonso,30,NYM,NL,441,0.373,148,0.313,0.241,4.8,23.1,10.7,94,53.6,26.4,35.7,30.4,0.56,28.6,49.6,21.8,3,2.10%,20.92,22.9,33.3,43.3,*3,AS,alonspe01
20,Jose Altuve,35,HOU,AL,420,0.339,119,0.298,0.185,4,16,8.6,83.6,29.8,18,44.6,24.7,0.84,40.2,49.1,10.8,0.1,0.20%,1.72,30.2,50,36.4,74D,,altuvjo01
21,Francisco Alvarez,23,NYM,NL,146,0.323,111,0.314,0.124,2.7,26.7,10.3,92.6,50,21.1,48.9,23.3,0.96,18.9,57.8,23.3,-0.3,-0.20%,-1.21,20.5,,33.3,2,,alvarfr01
22,Nacho Alvarez Jr.,22,ATL,NL,28,0.257,56,0.333,0.038,0,28.6,3.6,87.5,38.9,16.7,44.4,16.7,0.8,22.2,55.6,22.2,0,0.00%,-0.74,25,,33.3,/5,,alvarna01
23,Yordan Alvarez*,28,HOU,AL,121,0.276,68,0.222,0.13,2.5,17.4,13.2,94,46.4,25,33.3,31,0.5,33.3,51.2,15.5,0.4,0.20%,1.72,11.8,100,40,D/7,,alvaryo01
24,Adael Amador#,22,COL,NL,109,0.258,48,0.235,0.095,0.9,23.9,10.1,80.7,25.7,26.8,29.6,29.6,0.47,38,39.4,22.5,-0.8,-0.10%,-6.24,10.7,50,33.3,4/H,,amadoad01
25,Jacob Amaya,26,CHW,AL,68,0.112,-57,0.12,0.016,0,22.1,2.9,84.9,29.4,23.5,45.1,17.6,0.92,15.7,58.8,25.5,-0.5,-0.20%,-9.25,75,100,50,6/H1,,amayaja01
26,Miguel Amaya,26,CHC,NL,100,0.367,142,0.324,0.226,4,22,4,86.8,34.2,24.7,34.2,32.9,0.53,37,53.4,9.6,1,0.70%,10.71,37,,36.4,2/DH,,amayami01
27,Tim Anderson,32,LAA,AL,90,0.224,31,0.315,0.036,0,32.2,3.3,87.5,36.4,16.4,60,21.8,1.57,20,61.8,18.2,-0.4,-0.20%,-5.91,34.8,50,66.7,46/H,,anderti01
28,Miguel Andujar,30,ATH,AL,209,0.305,89,0.314,0.096,1.4,12.9,4.8,87.2,33.3,22.1,47.7,22.7,0.91,22.7,62.8,14.5,-0.4,-0.10%,1.34,25.4,100,42.1,57/9HD3,,andujmi01
29,Roman Anthony*,21,BOS,AL,146,0.341,114,0.357,0.136,1.4,26.7,12.3,94,56.5,24.4,55.8,17.4,1.26,32.6,44.2,23.3,0.3,0.20%,5.68,35.3,100,46.7,9D/7H,,anthoro01
30,Jonathan Aranda*,27,TBR,AL,375,0.376,145,0.406,0.161,2.9,24.3,9.6,93,55.7,29.6,37.5,27.5,0.6,36.7,48.3,15,1.4,0.80%,20.15,27,0,26.8,*3H/D,AS,arandjo01
31,Orlando Arcia,30,2TM,NL,129,0.22,23,0.208,0.081,1.6,19.4,4.7,85.2,29.9,18.4,50,23.5,1.02,26.5,58.2,15.3,-0.1,-0.10%,-11.62,19.2,,33.3,64/35DH,,arciaor01
32,Nolan Arenado,34,STL,NL,367,0.308,92,0.246,0.14,2.7,9.5,7.1,86.9,34,21.1,35.6,30.7,0.55,31.7,51.2,17.2,0.4,0.10%,-5.88,30.7,100,31,*5/DH,,arenano01
33,Gabriel Arias,25,CLE,AL,281,0.287,78,0.325,0.137,2.1,31.3,6.4,88.9,41.2,20.6,51.8,22.9,1.1,30.6,54.7,14.7,-0.4,-0.10%,-2.66,28.9,50,63.2,64/5H,,ariasga01
34,Shawn Armstrong,34,TEX,AL,0,,,,,,,,,,,,,,,,,,,,,,,1,,armstsh01
35,Randy Arozarena,30,SEA,AL,433,0.365,143,0.314,0.215,4.2,27,10.4,91.9,52.2,22.4,40.2,29.1,0.67,30.3,56.3,13.4,1.3,0.90%,8.36,27.9,88.9,47.1,*7/D,AS,arozara01
36,Luis Arráez*,28,SDP,NL,415,0.315,96,0.283,0.106,1.2,2.9,4.6,84.4,15.8,28.5,41.6,23.3,0.74,24.6,49.2,26.2,0.3,0.30%,-0.15,28.6,71.4,40.6,*3D/H,,arraelu01
37,Drew Avans*,29,2TM,2LG,18,0.113,-59,0.167,0,0,33.3,0,84.7,18.2,16.7,66.7,8.3,2,33.3,50,16.7,-0.4,-0.10%,-4.23,50,100,0,/789H,,avansdr01
38,José Azócar,29,2TM,NL,21,0.289,78,0.278,0,0,4.8,9.5,82.9,27.8,38.9,38.9,11.1,0.7,11.1,83.3,5.6,-0.2,-0.10%,-2.33,71.4,100,100,/H978D,,azocajo01
39,Akil Baddoo*,26,DET,AL,18,0.171,-17,0.167,0.059,0,27.8,5.6,90.3,41.7,41.7,41.7,8.3,0.71,33.3,50,16.7,-0.4,-0.30%,-2.01,0,100,,/798H,,baddoak01
40,Harrison Bader,31,MIN,AL,287,0.334,108,0.3,0.185,4.2,25.8,8.4,86.7,40.6,18.1,49.5,24.2,0.98,33.5,52.2,14.3,0.5,0.10%,0.18,20.7,72.7,55.6,*78/H9,,baderha01
41,Ji Hwan Bae*,25,PIT,NL,12,0.166,-40,0.167,0,0,41.7,8.3,81,16.7,0,16.7,50,0.25,0,50,50,-0.3,-0.10%,-2.32,150,100,,/8H7D,,baeji01
42,Javier Báez,32,DET,AL,293,0.324,105,0.327,0.162,3.4,22.9,3.1,88.2,41.5,20.8,45.8,27.8,0.84,31.1,51.4,17.5,0.5,0.50%,3.23,41.3,75,50,685/4H,AS,baezja01
43,Patrick Bailey#,26,SFG,NL,265,0.257,63,0.296,0.093,0.8,30.2,7.5,87,36.8,22,36.6,31.1,0.6,25.6,55.5,18.9,-0.1,0.00%,-7.75,33.8,,40,*2/HD,,bailepa01
44,Bryan Baker,30,BAL,AL,0,,,,,,,,,,,,,,,,,,,,,,,1,,bakerbr01
45,Luken Baker,28,STL,NL,41,0.319,101,0.333,0.088,0,24.4,17.1,94.5,54.2,20.8,37.5,20.8,0.6,33.3,45.8,20.8,-0.3,-0.20%,-2.29,20,,57.1,DH/3,,bakerlu01
46,Brooks Baldwin#,24,CHW,AL,178,0.274,65,0.29,0.142,2.8,29.2,5.1,87.1,40.5,21.6,41.4,25,0.79,36.2,46.6,17.2,-1,-0.30%,-6.7,22,100,72.7,7H846/95,,baldwbr01
47,Drake Baldwin*,24,ATL,NL,233,0.374,139,0.304,0.195,4.7,16.3,9,91.9,51.7,22.1,50.6,23.8,1.02,30.2,53.5,16.3,-0.1,0.00%,12.24,19.4,,37.5,2H/D,,baldwdr01
48,Moisés Ballesteros*,21,CHC,NL,18,0.223,39,0.2,0,0,5.6,11.1,89,33.3,20,66.7,13.3,2,40,40,20,-0.2,-0.20%,-0.57,60,,33.3,/D,,ballemo01
49,Anthony Banda*,31,LAD,NL,0,,,,,,,,,,,,,,,,,,,,,,,1,,bandaan01
50,David Bañuelos,28,BAL,AL,2,0.359,136,,0,0,50,0,,,,,,,,,,0,0.00%,0.23,0,,,/DH,,banueda01
51,Addison Barger*,25,TOR,AL,284,0.355,125,0.32,0.243,4.9,23.9,6.7,93,53.8,25.1,41,24.6,0.7,40,45.6,14.4,0.4,0.50%,9.24,34.6,75,36,59/H,,bargead01
52,Austin Barnes,35,LAD,NL,44,0.228,34,0.321,0.071,0,31.8,2.3,79.5,20.7,31,44.8,13.8,0.87,24.1,58.6,17.2,-0.6,-0.40%,-5.48,40,,60,2/3DH,,barneau01
53,Tucker Barnhart*,34,TEX,AL,15,0.272,77,0.333,0,0,26.7,6.7,85.4,11.1,22.2,55.6,11.1,1.25,55.6,44.4,0,-0.2,-0.10%,-2.85,0,,0,/21,,barnhtu01
54,Jose Barrero,27,STL,NL,31,0.211,24,0.158,0.138,3.2,29,3.2,83.6,20,20,25,35,0.33,35,40,25,-0.3,-0.20%,-3.67,60,,50,/H48695,,garcijo02
55,Jorge Barrosa#,24,ARI,NL,16,0.213,23,0.273,0.133,0,31.3,0,82.8,27.3,36.4,27.3,27.3,0.43,18.2,72.7,9.1,0,0.00%,-0.21,33.3,,100,/87DH,,barrojo01
56,Joey Bart,28,PIT,NL,226,0.291,77,0.336,0.056,0.4,27.9,11.1,88.1,40.7,23.7,53.3,21.5,1.14,30.4,55.6,14.1,-1.2,-0.20%,-12.11,15.1,100,26.9,2/HD,,bartjo01
57,Brett Baty*,25,NYM,NL,259,0.332,114,0.274,0.195,4.2,24.3,7.3,90.4,47.7,24.6,46.9,22.9,0.89,30.9,57.1,12,-0.2,-0.20%,2.68,24.6,100,6.7,54H/D,,batybr01
58,Jake Bauers*,29,MIL,NL,151,0.309,89,0.256,0.157,3.3,29.8,15.2,90.7,46.3,26.5,34.9,30.1,0.55,37.3,43.4,19.3,-0.2,-0.10%,1.56,25.6,100,33.3,3H7/1D9,,bauerja01
59,Félix Bautista,30,BAL,AL,0,,,,,,,,,,,,,,,,,,,,,,,1,,bautife01
60,Jordan Beck,24,COL,NL,359,0.345,110,0.359,0.184,3.1,28.4,6.4,87.8,41.3,26,40.3,26.8,0.68,36.4,49.4,14.3,-0.9,0.00%,-3.16,32.4,64.7,53.1,*7/HD,,beckjo01
61,Josh Bell#,32,WSN,NL,344,0.312,103,0.237,0.168,3.8,17.2,10.5,89.9,46.1,19.2,48.6,26.5,0.94,34.7,49,16.3,-1.3,-0.80%,-8.05,20,0,16.2,*D/H3,,belljo02
62,Cody Bellinger*,29,NYY,AL,393,0.36,129,0.289,0.223,4.6,13.7,7.4,89.1,40.1,24.9,33.3,35.9,0.5,37.2,44.7,18.1,-0.1,-0.10%,14,35.1,81.8,30.3,*789/3H,,bellico01
63,Andrew Benintendi*,30,CHW,AL,289,0.322,104,0.248,0.191,3.8,16.6,8.7,88.5,37,22.5,31,34.3,0.45,42.3,43.2,14.6,0.8,-0.10%,7.76,32.5,100,40.6,7D/H,,beninan01
64,Will Benson*,27,CIN,NL,175,0.296,79,0.265,0.203,4.6,29.7,6.9,93.6,58.2,27.3,39.1,28.2,0.64,31.8,52.7,15.5,0.7,0.30%,-4.11,35,33.3,42.9,97/H8,,bensowi01
65,Jon Berti,35,CHC,NL,103,0.259,54,0.28,0.021,0,20.4,4.9,87.3,36.5,29.3,60,8,1.5,21.3,46.7,32,-0.5,-0.40%,-8.21,42.9,84.6,30.8,5H4/19,,bertijo01
66,Mookie Betts,32,LAD,NL,409,0.308,91,0.243,0.134,2.7,11,9.3,88.4,34.6,24.4,33.3,34.6,0.5,28.1,53.4,18.5,-0.7,-0.70%,-3.53,40.5,100,57.6,*6/H,,bettsmo01
67,Bo Bichette,27,TOR,AL,441,0.333,111,0.314,0.162,2.7,16.3,5.2,91.1,49.1,29.4,46.1,20.1,0.85,18.7,57.4,23.9,1.7,1.10%,8.47,26.9,57.1,30.6,*6/DH,,bichebo01
68,Cavan Biggio*,30,KCR,AL,83,0.26,55,0.234,0.072,1.2,25.3,13.3,87,36,24,24,46,0.33,34,52,14,-0.4,-0.20%,-4.54,34.8,100,62.5,HD/93745,,biggica01
69,Jake Bird,29,COL,NL,0,,,,,,,,,,,,,,,,,,,,,,,1,,birdja01
70,Hayden Birdsong,23,SFG,NL,0,,,,,,,,,,,,,,,,,,,,,,,1,,birdsha01
71,Tyler Black*,24,MIL,NL,1,0.697,382,,,0,0,100,,,,,,,,,,0,0.00%,0.12,0,,,/H,,blackty01
72,Dairon Blanco,32,KCR,AL,8,0.316,143,0.25,0.167,0,25,0,64.2,0,16.7,16.7,16.7,0.33,16.7,16.7,66.7,-0.1,-0.10%,-0.59,200,60,50,/H78,,blancda02
73,JJ Bleday*,27,ATH,AL,233,0.284,77,0.221,0.167,3.4,24.5,12,87.5,38.5,18.9,33.1,31.8,0.49,37.8,52.7,9.5,-1.5,-0.70%,-3.84,37.3,33.3,45.8,8/H7D,,bledajj01
74,Ryan Bliss,25,SEA,AL,39,0.254,76,0.261,0.114,2.6,28.2,10.3,89,33.3,16.7,50,33.3,1,29.2,45.8,25,-0.3,-0.20%,-1.93,0,50,0,4,,blissry01
75,Xander Bogaerts,32,SDP,NL,401,0.328,100,0.307,0.114,1.5,15.7,10.7,89.3,39.5,28.2,42.9,22.4,0.75,31.3,52,16.7,0.2,0.30%,-3.08,28,94.1,41.9,*6/DH,,bogaexa01
76,Alec Bohm,28,PHI,NL,383,0.319,95,0.314,0.113,2.1,16.2,5.7,90.3,47.1,26.4,50.8,20.3,1.03,17.6,59.3,23.1,-0.3,-0.10%,-6.3,26.7,100,26.3,*53,,bohmal01
77,Sean Bouchard,29,COL,NL,73,0.235,34,0.263,0.076,1.4,37,9.6,86.6,30.8,28.2,38.5,25.6,0.63,28.2,53.8,17.9,-0.5,0.00%,-3.62,35.3,50,28.6,9H/D73,,bouchse01
78,Matt Bowman,34,BAL,AL,0,,,,,,,,,,,,,,,,,,,,,,,1,,bowmama01
79,Rob Brantly*,35,MIA,NL,7,0.373,135,0.5,0,0,14.3,0,79.6,16.7,33.3,0,50,0,0,50,50,0,0.00%,0.25,0,,0,/2,,brantro01
80,John Brebbia*,35,DET,AL,0,,,,,,,,,,,,,,,,,,,,,,,1,,brebbjo01
81,Alex Bregman,31,BOS,AL,252,0.385,150,0.315,0.242,4.8,17.5,8.7,91.7,48.9,20.6,38.3,31.7,0.62,36.1,55,8.9,-0.3,-0.20%,7.39,27.2,50,31.6,5/H,AS,bregmal01
82,Will Brennan*,27,CLE,AL,13,0.131,-10,0.1,0,0,7.7,7.7,82.2,30,0,60,20,1.5,40,50,10,-0.3,-0.20%,-2.72,0,0,,/98H,,brennwi02
83,Jonah Bride,29,2TM,2LG,125,0.224,28,0.257,0.018,0,31.2,8.8,87.3,28.4,18.9,48.6,17.6,0.95,27,50,23,-1.3,-0.80%,-8.98,22.6,,23.1,5H/3D14,,bridejo01
84,Trenton Brooks*,29,SDP,NL,41,0.209,20,0.2,0.128,2.4,31.7,4.9,88.5,38.5,19.2,42.3,30.8,0.79,42.3,38.5,19.2,-0.9,-0.60%,-7.92,57.1,,25,HD/7,,brooktr01
85,Seth Brown*,32,ATH,AL,76,0.266,60,0.268,0.077,1.3,30.3,11.8,87.2,40.5,23.8,33.3,35.7,0.5,33.3,47.6,19,-0.9,-0.40%,-7.99,22.7,100,66.7,H7/89D,,brownse01
86,Vidal Bruján#,27,CHC,NL,42,0.19,16,0.233,0.075,0,26.2,2.4,87.3,36.7,23.3,40,30,0.67,40,40,20,-0.1,-0.10%,-4.95,75,66.7,83.3,H5/479D68,,brujavi01
87,Kris Bryant,33,COL,NL,41,0.183,-6,0.231,0.051,0,31.7,4.9,90.8,34.6,30.8,38.5,30.8,0.63,38.5,42.3,19.2,-0.6,-0.30%,-7.34,25,,,D/H,,bryankr01
88,Jake Burger,29,TEX,AL,286,0.283,86,0.268,0.173,3.8,25.5,2.8,90.3,48.3,23.4,39.8,27.9,0.66,22.9,59.2,17.9,-1.4,-0.80%,-5.51,34.9,50,42.9,3/DH,,burgeja01
89,Alec Burleson*,26,STL,NL,337,0.358,127,0.307,0.173,3.6,13.1,7.1,90.7,43.2,24,38.2,28.1,0.63,30.3,55.1,14.6,0.8,0.40%,6.25,20.4,100,33.3,93D7/H1,,burleal01
90,Michael Busch*,27,CHC,NL,357,0.4,163,0.329,0.258,5.6,23.5,10.4,91.4,47.6,22.2,37,37,0.59,35.7,48.7,15.7,1,0.90%,24.22,24.1,100,27,*3H/D,,buschmi02
91,Lawrence Butler*,24,ATH,AL,426,0.327,103,0.316,0.182,3.3,28.4,9.6,90.6,44.3,26.5,45.8,22.7,0.86,29.2,50.4,20.5,-1,-0.60%,-3.02,35,80,51.2,*9/8H,,butlela01
92,Byron Buxton,31,MIN,AL,353,0.406,153,0.335,0.287,6.5,26.1,7.9,92,54.8,21.4,39.7,31,0.66,38.4,48,13.5,2.2,1.20%,27,44.6,100,68.8,*8/D,AS,buxtoby01
93,José Caballero,28,TBR,AL,254,0.307,83,0.331,0.091,0.8,29.9,11,82.4,27.9,32,28.6,23.1,0.44,23.8,62.6,13.6,-0.5,-0.30%,3.27,39.7,80,56.3,6594/7H8D1,,cabaljo01
94,Oswaldo Cabrera#,26,NYY,AL,122,0.303,93,0.305,0.065,0.8,20.5,9,87,34.5,27.4,50,14.3,1.08,38.1,44,17.9,0,-0.10%,1.97,42.1,0,53.8,5/H379,,cabreos01
95,Jac Caglianone*,22,KCR,AL,155,0.225,32,0.16,0.139,3.2,21.3,5.2,89.7,44.1,25.2,50.5,17.1,1.02,32.4,53.2,14.4,-1.8,-0.70%,-15.45,14.3,100,40,9/3D,,caglija01
96,Alex Call,30,WSN,NL,221,0.344,123,0.318,0.104,0.9,14.5,11.3,87.3,29.7,22.8,42.4,27.2,0.78,19.6,55.1,25.3,-0.8,-0.10%,3.48,32.9,100,33.3,97H/D8,,callal02
97,Tyler Callihan*,25,CIN,NL,6,0.151,-26,0.2,0,0,16.7,0,89.8,60,20,60,20,1.5,60,20,20,0,0.00%,-0.46,0,,0,/74,,callity01
98,Daz Cameron,28,MIL,NL,42,0.23,35,0.259,0.098,2.4,31,2.4,91.9,32.1,21.4,32.1,35.7,0.47,25,64.3,10.7,-0.4,-0.20%,-3.55,75,100,50,9H/7,,camerda01
99,Junior Caminero,21,TBR,AL,406,0.354,127,0.265,0.252,6.2,20.2,5.7,91.3,47.7,20,47.7,24.3,0.91,30.7,53,16.3,-0.4,-0.30%,7.71,34,83.3,40,*5/DH3,AS,caminju01
100,Kristian Campbell,23,BOS,AL,263,0.301,87,0.296,0.122,2.3,27.4,11,88.6,42.3,23.4,54.4,19,1.19,18.5,54.8,26.8,-0.7,-0.50%,-3.92,23.1,66.7,44,4/8H7D,,campbkr01
101,Gustavo Campero#,27,LAA,AL,37,0.225,26,0.125,0.094,2.7,18.9,10.8,83.8,20,20,48,24,0.92,20,56,24,-0.4,-0.20%,-5.43,25,100,100,9/7H8,,campegu01
102,Luis Campusano,26,SDP,NL,27,0.155,-18,0,0,0,40.7,22.2,87.8,30,0,90,10,9,40,60,0,-0.7,-0.50%,-6.43,0,,50,/DH,,campulu01
103,Alexander Canario,25,PIT,NL,169,0.282,71,0.316,0.104,1.8,33.1,8.9,88,48,19.4,46.9,27.6,0.88,29.6,56.1,14.3,-0.4,-0.20%,-10.48,33.3,66.7,33.3,798/H,,canaral01
104,Jeimer Candelario#,31,CIN,NL,91,0.185,1,0.137,0.1,2.2,31.9,9.9,87.3,28.3,15.1,50.9,28.3,1.04,49.1,28.3,22.6,-0.7,-0.30%,-9.59,6.3,0,25,5/3D,,candeje01
105,Mark Canha,36,KCR,AL,125,0.238,45,0.256,0.053,0.8,19.2,5.6,86.6,33,23.1,36.3,25.3,0.57,29.7,52.7,17.6,-1,-0.60%,-10.07,24.2,0,37.5,7H9/D3,,canhama01
106,Yennier Cano,31,BAL,AL,0,,,,,,,,,,,,,,,,,,,,,,,1,,canoye01
107,Dominic Canzone*,27,SEA,AL,110,0.367,150,0.338,0.229,5.5,20,3.6,91.8,48.8,25.3,48.2,22.9,0.93,38.6,51.8,9.6,-0.6,-0.50%,-0.27,19.4,50,14.3,9/H,,canzodo01
108,Vinny Capra,28,2TM,2LG,105,0.174,-9,0.153,0.052,1,23.8,2.9,83.7,33.8,18.4,48.7,19.7,1.06,30.3,51.3,18.4,-2.1,-0.60%,-17.09,60,100,71.4,56H/41D,,capravi01
109,Victor Caratini#,31,HOU,AL,257,0.331,109,0.288,0.172,3.9,16.7,5.1,89.4,41.8,23.7,38.7,29.9,0.63,30.4,54.6,14.9,-0.7,-0.50%,3.78,21.9,100,42.1,2DH/3,,caratvi01
110,Dylan Carlson#,26,BAL,AL,118,0.284,83,0.286,0.144,3.4,26.3,5.1,86.8,24.7,27.2,34.6,32.1,0.55,28.4,51.9,19.8,-0.2,-0.20%,-0.42,21.4,50,33.3,79/H8,,carlsdy01
111,Kerry Carpenter*,27,DET,AL,280,0.333,112,0.274,0.238,5.7,21.4,2.5,91.1,46.1,20.4,33.5,34,0.5,37.9,49,13.1,0,0.10%,5.03,38.1,50,43.5,9D7H,,carpeke01
112,Corbin Carroll*,24,ARI,NL,384,0.377,137,0.288,0.308,5.5,25.5,8.3,92.6,49.8,21.1,37.2,33.2,0.59,36,49.4,14.6,1,0.50%,12.51,43.3,76.5,72,*9/H8D,AS,carroco02
113,Evan Carter*,22,TEX,AL,162,0.34,118,0.294,0.147,2.5,18.5,9.9,86.3,33.6,22.1,39.8,27.4,0.66,28.3,58.4,13.3,-0.1,-0.10%,3.4,39.2,85.7,61.5,8/HD,,carteev01
114,Triston Casas*,25,BOS,AL,112,0.264,60,0.217,0.121,2.7,24.1,9.8,87.6,44.4,22.2,38.9,34.7,0.64,31.9,51.4,16.7,-0.6,-0.30%,-1.8,7.1,,0,3/H,,casastr01
115,Nick Castellanos,33,PHI,NL,411,0.329,101,0.313,0.157,2.9,20.2,5.4,88.3,35.9,27.4,39.3,30.4,0.65,28.1,55.4,16.5,-2.3,-1.80%,-3.44,27.6,100,33.3,*9/D,,casteni01
116,Willi Castro#,28,MIN,AL,315,0.341,113,0.324,0.174,3.2,24.8,9.8,87.6,43.2,27.6,37.2,27.6,0.6,26.6,58.3,15.1,-0.2,0.00%,4.21,35.4,72.7,42.9,4795/618H,,castrwi01
117,Andrés Chaparro,26,WSN,NL,12,0.163,-7,0.125,0.091,0,25,8.3,85.4,37.5,12.5,50,37.5,1,25,62.5,12.5,-0.3,-0.10%,-1.82,0,,,/D3H,,chapaan01
118,Matt Chapman,32,SFG,NL,328,0.346,125,0.289,0.195,4,24.1,13.1,93.4,50.2,18.7,39.9,27.1,0.66,31,51.7,17.2,0,0.00%,4.99,31.7,77.8,66.7,*5,,chapmma01
119,Tsung-Che Cheng*,23,PIT,NL,7,0.058,-38,0,0,0,42.9,0,93.2,50,25,50,25,1,0,25,75,-0.2,-0.10%,-1.7,,0,,/64,,chengts01
120,Jazz Chisholm Jr.*,27,NYY,AL,292,0.373,140,0.283,0.259,6.2,26,11.6,88.7,46.6,15.7,36.5,37.1,0.6,38.2,49.4,12.4,0.5,0.50%,11.97,27.7,71.4,66.7,45/H,AS,chishja01
121,Angel Chivilli,22,COL,NL,0,,,,,,,,,,,,,,,,,,,,,,,1,,chivian01
122,Jackson Chourio,21,MIL,NL,446,0.334,112,0.304,0.19,3.6,20.2,4.3,87.9,39.5,24.8,40.6,24.5,0.69,23,54.6,22.4,0.6,0.60%,6.74,43.2,70.8,61.1,*879/D,,chourja01
123,Denzel Clarke,25,ATH,AL,159,0.286,69,0.369,0.142,1.9,38.4,3.8,87.9,42.7,19.1,51.7,23.6,1.15,24.7,59.6,15.7,-1.7,-0.20%,-10.22,37.5,100,40,8/H,,clarkde02
124,Taylor Clarke,32,KCR,AL,0,,,,,,,,,,,,,,,,,,,,,,,1,,clarkta01
125,Emmanuel Clase,27,CLE,AL,0,,,,,,,,,,,,,,,,,,,,,,,1,,claseem01
126,Jonatan Clase#,23,TOR,AL,112,0.265,58,0.271,0.09,1.8,25,8.9,82.9,36.1,13.7,38.4,37,0.68,31.5,50.7,17.8,-0.1,-0.10%,-3.67,26.7,75,30,7/8H9D,,clasejo01
127,Kody Clemens*,29,2TM,2LG,184,0.338,113,0.222,0.294,6.5,24.5,7.6,92.7,51.7,24,31.4,37.2,0.47,38.8,51.2,9.9,0.8,-0.10%,2.07,31,0,33.3,43H/978D,,clemeko01
128,Ernie Clement,29,TOR,AL,364,0.299,86,0.298,0.096,1.1,9.6,5.5,85.8,25.4,27.3,35.4,27.3,0.56,29.9,51.3,18.8,-1.4,-1.10%,-11.61,38.2,50,61.1,5463/H,,clemeer01
129,Isaac Collins#,27,MIL,NL,250,0.353,124,0.336,0.132,2.4,23.2,12.8,85.9,37.6,26.1,42.7,21,0.78,29.9,54.8,15.3,-0.4,-0.30%,4.42,32.9,78.6,52,*7H/9D45,,colliis01
130,Michael Conforto*,32,LAD,NL,319,0.284,75,0.223,0.135,2.5,23.2,11.3,89.9,42.2,21.9,42.3,30.3,0.73,36.3,44.8,18.9,-1,-0.80%,-16.42,33.3,100,40.7,*7/H,,confomi01
131,Griffin Conine*,27,MIA,NL,71,0.354,127,0.386,0.156,1.4,26.8,9.9,91.6,51.1,31.1,48.9,17.8,0.96,33.3,57.8,8.9,-0.4,-0.20%,0.7,37.5,0,28.6,7/9DH,,coningr01
132,William Contreras,27,MIL,NL,413,0.318,101,0.292,0.103,1.5,18.9,13.8,90,43.8,24.2,52,19.9,1.08,23.5,57.4,19.1,0.3,0.00%,2.42,32.1,71.4,44,*2D/7,,contrwi02
133,Willson Contreras,33,STL,NL,405,0.343,117,0.324,0.18,3.2,24.9,7.9,90.1,48.4,29.1,40.7,26.4,0.69,24,57.8,18.2,0.7,0.20%,11.8,28.8,100,53.7,*3D,,contrwi01
134,Billy Cook,26,PIT,NL,6,0.301,84,0.4,0,0,16.7,0,81.6,40,0,40,40,0.67,0,60,40,0,0.00%,-0.57,50,,0,/9H38,,cookbi01
135,Kenedy Corona,25,HOU,AL,4,0.343,120,0,0,0,25,50,92.4,0,0,100,0,,0,100,0,0.2,0.20%,0.66,0,,0,/8H,,coronke01
136,Carlos Correa,30,MIN,AL,345,0.309,90,0.315,0.125,2,18.8,7.2,90.9,47,24.7,49,20,0.96,26.7,57.3,16.1,-1.8,-0.90%,-9.74,32,,26.9,*6/H,,correca01
137,Colton Cowser*,25,BAL,AL,167,0.313,96,0.278,0.2,4.8,29.9,4.2,90.8,47.1,19,44.8,30.5,0.82,39,36.2,24.8,1.1,0.10%,0.96,17.9,100,22.2,78/9D,,cowseco01
138,J.P. Crawford*,30,SEA,AL,431,0.341,129,0.338,0.101,1.6,17.6,13,86.4,34.4,28.7,40.2,25,0.69,25.3,50.3,24.3,1,0.70%,14.96,24.5,83.3,28.2,*6/H,,crawfjp01
139,Dylan Crews,23,WSN,NL,173,0.286,77,0.233,0.158,4,27.7,6.4,90.1,41.7,20.9,48.2,25.5,0.93,28.2,54.5,17.3,0,0.00%,-5.17,43.6,78.6,55.6,98,,crewsdy01
140,Blaine Crim,28,TEX,AL,13,0.108,-43,0,0,0,46.2,7.7,85.8,20,0,60,20,1.5,20,40,40,-0.2,-0.10%,-2.27,50,,0,/3DH,,crimbl01
141,Jake Cronenworth*,31,SDP,NL,291,0.341,115,0.283,0.16,2.7,20.3,12.7,88,38.9,19.5,40,32.1,0.68,32.6,46.3,21.1,0.3,0.10%,4.46,24.7,66.7,55.2,4/3HD,,croneja01
142,Pete Crow-Armstrong*,23,CHC,NL,417,0.378,143,0.294,0.285,6.2,23.3,4.3,87.9,42.9,20.7,30.1,36.5,0.45,41.5,44.5,14,1.9,1.60%,16.82,42,84.8,65.5,*8,AS,crowape01
143,Oneil Cruz*,26,PIT,NL,381,0.338,101,0.283,0.202,4.2,32.3,12.6,96.3,58,24.2,45.4,26.1,0.83,32.9,52.7,14.5,0.4,0.40%,0.72,32.4,88.6,50,*8/HD,,cruzon01
144,Travis d'Arnaud,36,LAA,AL,155,0.299,85,0.311,0.186,3.9,32.3,4.5,89,39.6,26,37.5,27.1,0.6,25,61.5,13.5,-0.5,-0.40%,-5.83,18.9,,50,2/HD,,darnatr01
145,Bobby Dalbec,30,CHW,AL,21,0.28,74,0.333,0.056,0,28.6,14.3,84.6,27.3,16.7,41.7,25,0.71,16.7,75,8.3,-0.1,0.00%,0.51,28.6,,50,/36H5,,dalbebo01
146,Logan Davidson#,27,ATH,AL,24,0.217,23,0.375,0.05,0,50,12.5,77.4,33.3,11.1,44.4,22.2,1,33.3,44.4,22.2,-0.1,0.00%,-1.84,16.7,,,/35H4,,davidlo01
147,Henry Davis,25,PIT,NL,160,0.255,53,0.216,0.119,2.5,23.8,7.5,87.1,34.3,27.1,28,27.1,0.39,32.7,47.7,19.6,-1.3,-0.10%,-10.74,37.1,0,35.7,2/H,,davishe01
148,J.D. Davis,32,LAA,AL,9,0.099,-62,0.167,0,0,33.3,0,85.7,33.3,16.7,66.7,0,2,33.3,33.3,33.3,-0.2,-0.10%,-1.87,0,,,/3H5,,davisjd01
149,Bryan De La Cruz,28,ATL,NL,50,0.233,35,0.31,0.021,0,36,6,91.5,51.7,24.1,37.9,34.5,0.61,27.6,41.4,31,-0.4,-0.10%,-4.64,8.3,100,25,7/H9D,,delacbr01
150,Elly De La Cruz#,23,CIN,NL,437,0.371,125,0.341,0.204,4.1,24.3,10.8,91,45.9,19.5,53.2,22.7,1.15,33.3,47.5,19.1,1.8,0.80%,24.13,41.7,81.3,75.6,*6/DH,AS,delacel01
151,Yerry De los Santos,27,NYY,AL,0,,,,,,,,,,,,,,,,,,,,,,,1,,delosye01
152,Paul DeJong,31,WSN,NL,84,0.28,73,0.347,0.114,1.2,34.5,4.8,87.8,40,28,32,28,0.47,32,50,18,-0.3,-0.20%,-4.01,22.7,100,20,5/6D,,dejonpa01
153,Adrian Del Castillo*,25,ARI,NL,12,0.398,154,0.556,0.083,0,25,0,88,55.6,22.2,33.3,33.3,0.5,11.1,55.6,33.3,0.1,0.00%,1.07,40,,50,/D,,delcaad01
154,Jonny DeLuca,26,TBR,AL,25,0.463,180,0.526,0.087,0,16,8,82.5,10.5,15.8,47.4,26.3,0.9,42.1,52.6,5.3,0.2,0.10%,2.51,33.3,100,,/8DH,,delucjo01
155,Rafael Devers*,28,2TM,2LG,465,0.365,137,0.324,0.199,3.7,24.9,15.9,93.6,56.1,23,43.7,28.1,0.78,30.7,51.1,18.1,0.3,0.10%,17.12,26.1,50,22,*D/3,,deverra01
156,Zach Dezenzo,25,HOU,AL,109,0.314,96,0.373,0.122,1.8,33.9,10.1,89.3,41,29.5,36.1,29.5,0.56,29.5,54.1,16.4,0,0.00%,-0.92,45.5,100,37.5,79/D3H,,dezenza01
157,Edwin Díaz,31,NYM,NL,0,,,,,,,,,,,,,,,,,,,,,,,1,AS,diazed04
158,Elias Díaz,34,SDP,NL,214,0.261,57,0.25,0.109,2.3,25.7,8.4,86.4,39.1,17.9,37.9,27.1,0.63,25.7,50.7,23.6,-2.5,-1.80%,-18.64,34.6,,25,*2H,,diazel01
159,Yainer Diaz,26,HOU,AL,359,0.294,84,0.259,0.153,3.6,17.8,3.9,90.8,43.9,26.5,43.4,24,0.77,24,58.4,17.6,-2,-1.40%,-14.96,24.7,50,48.3,*2D/H,,diazya02
160,Yandy Díaz,33,TBR,AL,427,0.349,123,0.304,0.179,3.7,13.6,8,93.3,54.1,23.5,53.6,19,1.16,14.5,61.4,24.1,0.4,0.20%,9.06,24.8,100,44.1,*D3,,diazya01
161,Dillon Dingler,26,DET,AL,276,0.319,101,0.328,0.147,2.9,23.6,3.6,89.4,45.9,28.4,35.6,28.4,0.55,28.4,54.1,17.5,0.4,0.20%,1.95,23.1,,42.1,*2/H,,dingldi01
162,Jasson Domínguez#,22,NYY,AL,322,0.33,104,0.342,0.144,2.5,28.9,10.2,90.8,51.8,23.1,45.1,23.6,0.82,30.8,51.8,17.4,0,-0.10%,2.48,35.7,87.5,51.4,*7D/H,,dominja01
163,Seranthony Domínguez,30,BAL,AL,0,,,,,,,,,,,,,,,,,,,,,,,1,,dominse01
164,Brendan Donovan*,28,STL,NL,410,0.347,121,0.326,0.132,2,13.4,8.5,89.3,39,28.4,43.8,20.4,0.79,31,50.5,18.5,-0.3,-0.20%,7.03,31.2,75,39.1,*47/6DH,AS,donovbr01
165,Brenton Doyle,27,COL,NL,344,0.273,54,0.274,0.116,2,25.9,6.4,89.8,45.7,22.7,44.2,28.3,0.8,32.2,51.5,16.3,-2.2,0.00%,-17.99,33.3,90.9,40,*8/HD,,doylebr02
166,Mauricio Dubón,30,HOU,AL,235,0.308,92,0.27,0.147,2.6,10.2,6,83.1,28.1,17.8,43.1,27.9,0.8,18.9,54.1,27,-0.2,-0.20%,-9.41,32.3,100,55.6,4765/H839,,dubonma01
167,Blake Dunn,26,CIN,NL,75,0.27,61,0.235,0.083,1.3,33.3,10.7,85.2,37.1,22.9,57.1,11.4,1.54,17.1,54.3,28.6,-0.1,-0.10%,-1.29,39.1,50,0,97/8HD,,dunnbl01
168,Oliver Dunn*,27,MIL,NL,41,0.197,6,0.231,0.056,0,26.8,4.9,80.7,32.1,28.6,42.9,14.3,1,28.6,50,21.4,-0.3,-0.10%,-2.49,50,100,40,5/3H,,dunnol01
169,Ezequiel Durán,26,TEX,AL,93,0.208,22,0.226,0.072,0,33.3,4.3,83.1,40.7,16.7,42.6,22.2,0.82,14.8,51.9,33.3,-0.6,-0.40%,-6.71,20,100,75,6/35H17D4,,duranez01
170,Jarren Duran*,28,BOS,AL,453,0.342,115,0.327,0.176,2,23.8,7.5,91.9,46.9,26,40.8,25.3,0.69,29.6,53.6,16.8,-0.2,0.00%,15.74,32.8,76.2,74.1,*78/H9D,,duranja01
171,Jhoan Durán,27,MIN,AL,0,,,,,,,,,,,,,,,,,,,,,,,1,,duranjh01
172,Caleb Durbin,25,MIL,NL,288,0.333,112,0.273,0.116,1.7,9.4,6.9,82.9,25.1,21.1,39.2,25.1,0.68,31.3,55.5,13.2,1.8,1.00%,13.05,31.9,69.2,33.3,*5/4H,,durbica01
173,Nate Eaton,28,BOS,AL,27,0.312,89,0.4,0.083,0,37,3.7,87.2,40,20,40,33.3,0.67,53.3,33.3,13.3,0,0.00%,-1.09,62.5,75,100,/57H18,,eatonna01
174,Tommy Edman#,30,LAD,NL,305,0.31,94,0.234,0.173,3.6,17.4,5.6,87.3,38.6,23.5,46.1,23,0.87,33.5,48.7,17.8,-0.2,-0.40%,0.03,41.1,75,45.8,48/5H,,edmanto01
175,Xavier Edwards#,25,MIA,NL,379,0.325,100,0.344,0.068,0.3,14,8.7,83.8,30.3,27.4,43.2,20.9,0.83,20.9,51.4,27.7,0.2,0.10%,4.09,32.3,73.9,57.1,46/DH,,edwarxa01
176,Tim Elko,26,CHW,AL,67,0.26,57,0.167,0.21,6,41.8,7.5,91.2,50,5.9,58.8,26.5,1.43,23.5,52.9,23.5,-0.7,0.00%,-3.93,20,100,100,3/D,,elkoti01
177,Christian Encarnacion-Strand,25,CIN,NL,137,0.255,52,0.223,0.169,4.4,23.4,2.2,87.9,44,18,39,30,0.64,34,52,14,-0.1,-0.10%,-4.11,26.9,0,44.4,5-Mar,,encarch01
178,Jerar Encarnación,27,SFG,NL,22,0.146,-23,0.188,0.045,0,27.3,0,89.4,56.3,31.3,50,18.8,1,25,50,25,-0.8,-0.60%,-5.72,33.3,100,100,/9H37,,encarje01
179,Tristin English,28,ARI,NL,4,0,-128,0,0,0,50,0,85.6,50,0,50,50,1,50,50,0,0,0.00%,-0.9,,,,/3,,englitr01
180,Lucas Erceg*,30,KCR,AL,0,,,,,,,,,,,,,,,,,,,,,,,1,,erceglu01
181,J.C. Escarra*,30,NYY,AL,94,0.305,89,0.227,0.138,2.1,14.9,11.7,90.5,41.2,27.9,42.6,19.1,0.74,41.2,35.3,23.5,-0.4,-0.30%,-1.59,11.1,100,25,2/3H5D,,escarjc01
182,Santiago Espinal,30,CIN,NL,280,0.262,52,0.279,0.046,0,11.1,6.1,85.3,26.4,24.2,41.6,23.4,0.74,24.2,54.1,21.6,-2.3,-1.20%,-16.83,26.8,66.7,42.3,54/7H96,,espinsa01
183,Carlos Estévez,32,KCR,AL,0,,,,,,,,,,,,,,,,,,,,,,,1,AS,estevca01
184,Thairo Estrada,29,COL,NL,125,0.31,92,0.307,0.112,1.6,12.8,3.2,87.1,30.4,22.3,53.4,21.4,1.15,29.1,60.2,10.7,-0.3,0.00%,-2.38,24.3,25,16.7,4,,estrath01
185,Stuart Fairchild,29,ATL,NL,55,0.282,74,0.306,0.118,0,27.3,7.3,80.2,36.1,8.3,30.6,33.3,0.55,30.6,47.2,22.2,-0.6,-0.20%,-3.13,46.7,66.7,62.5,9H/D78,,faircst01
186,Kyle Farmer,34,COL,NL,223,0.266,55,0.261,0.124,1.8,22,4.5,86.2,34,26.7,43.5,23.6,0.77,28.6,59,12.4,-2,0.10%,-13.68,14.8,0,23.1,4D63/H5,,farmeky01
187,Hunter Feduccia*,28,LAD,NL,3,0.232,38,0,0,0,33.3,33.3,98.9,100,0,100,0,,100,0,0,-0.1,0.00%,-0.26,0,,,/H3,,feduchu01
188,Freddy Fermin,30,KCR,AL,189,0.288,83,0.319,0.075,1.1,18,6.3,86.8,32.6,21.3,47.5,20.6,0.97,21.3,57.4,21.3,-0.9,-0.50%,-10.23,22.4,0,29.4,2/HD4,,fermifr01
189,José Fermín,26,STL,NL,21,0.462,195,0.375,0.263,4.8,9.5,9.5,86.9,41.2,23.5,35.3,29.4,0.6,35.3,58.8,5.9,0.3,0.20%,2.45,12.5,100,0,/745H9D,,fermijo01
190,Yanquiel Fernández*,22,COL,NL,39,0.242,36,0.321,0.053,0,25.6,2.6,88.2,33.3,14.3,53.6,25,1.15,39.3,53.6,7.1,-0.3,0.00%,-3.67,40,,25,/9DH7,,fernaya01
191,Ryan Fitzgerald*,31,MIN,AL,3,0,-139,0,0,0,0,0,93.5,33.3,0,33.3,66.7,0.5,33.3,66.7,0,0,0.00%,-0.44,,,,/4H,,fitzgry01
192,Tyler Fitzgerald,27,SFG,NL,222,0.284,82,0.313,0.106,1.4,27.9,6.8,81.5,29.4,22.4,35,29.4,0.59,26.6,50.3,23.1,-0.9,-0.70%,-13.09,25.4,69.2,37.5,4/H,,fitzgty01
193,Wilmer Flores,33,SFG,NL,359,0.324,110,0.27,0.14,3.3,17.8,8.1,84.8,24.2,25,36.5,25.4,0.58,23.8,54.6,21.5,0.9,0.40%,9.81,22.5,100,25,D3/H5,,florewi01
194,Nick Fortes,28,MIA,NL,133,0.287,74,0.28,0.107,1.5,15,5.3,85.1,40.4,22.1,44.2,21.2,0.85,38.5,46.2,15.4,-0.6,0.00%,-6.29,24.3,,46.2,2/HD,,forteni01
195,Justin Foscue,26,TEX,AL,9,0.138,-22,0.167,0.111,0,33.3,0,93,66.7,16.7,16.7,50,0.2,33.3,66.7,0,-0.2,-0.10%,0.46,0,,,/3DH,,foscuju01
196,Jake Fraley*,30,CIN,NL,158,0.348,114,0.284,0.162,3.2,18.4,13.3,85.6,35.8,27.1,35.5,27.1,0.55,38.3,48.6,13.1,1,0.50%,10.09,39.2,66.7,35.3,9H/D,,fraleja01
197,Ty France,30,MIN,AL,367,0.308,89,0.285,0.108,1.6,15.8,4.6,89.3,41.8,25.7,45.7,25.4,0.84,21.4,56.9,21.7,0.2,0.20%,-1.65,31.8,100,40.5,*3/H,,francty01
198,Adam Frazier*,33,2TM,2LG,268,0.298,85,0.303,0.088,1.1,16.8,6.7,84.7,20.1,28.6,38.7,26.1,0.64,32.2,47.7,20.1,0.3,0.00%,-0.36,22.9,58.3,41.4,47H/9,,fraziad01
199,Cody Freeman,24,TEX,AL,5,0.249,61,0.25,0.2,0,20,0,89.6,25,25,50,25,1,25,50,25,0.1,0.00%,0.7,200,,,/D5H,,freemco01
200,Freddie Freeman*,35,LAD,NL,375,0.366,135,0.364,0.178,2.7,22.7,9.9,91.2,46.6,27.3,41,27.7,0.69,36.9,43.8,19.3,2.2,1.60%,23.1,29.7,50,46.9,*3/H,AS,freemfr01
201,Tyler Freeman,26,COL,NL,202,0.373,126,0.342,0.109,0.5,8.9,9.4,89.6,43,27,46.5,23.9,0.89,19.5,56.6,23.9,-0.8,-0.20%,-1.85,30.4,75,34.6,9D/H45,,freemty01
202,Sal Frelick*,25,MIL,NL,385,0.34,113,0.324,0.11,1.8,12.7,6.8,84.5,28.1,23,45.3,19.3,0.86,35.7,50.7,13.7,0.6,0.40%,12.29,30.7,81,42.9,*98/35H,,frelisa01
203,TJ Friedl*,29,CIN,NL,435,0.349,112,0.304,0.124,2.1,15.6,10.8,83.9,30.7,24.6,40.5,20.7,0.75,42.7,46.6,10.7,0.2,0.00%,8.2,33.1,76.9,52.2,*8/HD,,friedtj01
204,David Fry,29,CLE,AL,84,0.25,47,0.214,0.179,4.8,38.1,6,87.2,43.5,17.4,32.6,30.4,0.5,34.8,50,15.2,-0.5,-0.30%,-5.08,20,100,57.1,DH,,fryda01
205,Braxton Fulford,26,COL,NL,42,0.298,72,0.409,0.175,2.4,42.9,2.4,88.5,52.2,26.1,30.4,39.1,0.44,21.7,69.6,8.7,0.2,0.00%,3.76,30,100,0,2/H,,fulfobr01
206,Adolis García,32,TEX,AL,392,0.295,92,0.272,0.172,3.6,25.5,5.1,92.6,48.5,22.8,32.5,36.9,0.48,25,54.9,20.1,-0.1,-0.20%,-3.61,24.7,76.9,33.3,*9/DH,,garciad02
207,Aramis Garcia,32,ARI,NL,4,0,-128,0,0,0,75,0,91.3,0,100,0,0,0,0,100,0,-0.1,0.00%,-0.99,,,,/2,,garciar01
208,Luis García Jr.*,25,WSN,NL,343,0.31,99,0.284,0.13,2,14.6,5.8,90,46.7,26.2,45,23.6,0.82,33.9,53.5,12.5,0.5,0.20%,2.42,36.1,64.3,41.9,*4/HD,,garcilu04
209,Maikel Garcia,25,KCR,AL,409,0.34,118,0.321,0.151,2,13.2,7.8,90.3,44.5,27.6,42.9,21.7,0.77,22.7,59,18.3,-0.4,-0.10%,-6.27,26.3,66.7,65.6,*54/68DH9,AS,garcima01
210,Robert Garcia,29,TEX,AL,0,,,,,,,,,,,,,,,,,,,,,,,1,,garciro04
211,Yimi García,34,TOR,AL,0,,,,,,,,,,,,,,,,,,,,,,,1,,garciyi01
212,Mitch Garver,34,SEA,AL,179,0.308,103,0.316,0.139,3.4,31.8,10.6,91.8,47.5,23.8,32.7,30.7,0.49,36.6,57.4,5.9,-0.5,-0.30%,-0.53,21.6,100,26.7,2DH,,garvemi01
213,Mickey Gasper#,29,MIN,AL,39,0.253,49,0.24,0.029,0,23.1,10.3,88.2,28,16,48,28,0.92,20,52,28,-0.5,-0.30%,-1.88,45.5,,50,/DH3427,,gaspemi01
214,Zack Gelof,25,ATH,AL,28,0.138,-32,0.154,0,0,46.4,7.1,89.3,53.8,30.8,30.8,38.5,0.44,15.4,69.2,15.4,-0.2,0.00%,-2.57,75,,50,/4,,gelofza01
215,Andrés Giménez*,26,TOR,AL,238,0.295,76,0.244,0.104,2.1,16.4,6.7,85.3,28.5,28.2,42.5,21.8,0.77,31.6,56.3,12.1,0.1,0.10%,-1.58,31.8,90.9,47.6,4/H6,,gimenan01
216,Paul Goldschmidt,37,NYY,AL,381,0.34,116,0.336,0.141,2.1,17.3,7.6,90.1,42.9,26.2,39.4,28.4,0.65,27.3,53.5,19.1,-0.3,-0.40%,6.98,39.8,83.3,38.9,*3H/D8,,goldspa01
217,Nick Gonzales,26,PIT,NL,166,0.322,101,0.295,0.152,2.4,15.7,8.4,88.5,42.1,26.2,44.4,24.6,0.8,22.2,54.8,23,-0.9,0.10%,-3.47,24,0,50,6-Apr,,gonzani01
218,Oscar González,27,SDP,NL,61,0.21,27,0.283,0.017,0,21.3,3.3,89.1,45.7,23.9,52.2,21.7,1.09,30.4,50,19.6,-1,-0.60%,-7.17,13.3,0,25,7/9HD,,gonzaos01
219,Romy González,28,BOS,AL,167,0.383,148,0.373,0.234,3,25.1,5.4,94.9,60.9,24.3,47.8,27,0.92,21.7,57.4,20.9,0.4,0.10%,11.46,41.2,66.7,53.3,34H/5D,,gonzaro01
220,Hunter Goodman,25,COL,NL,363,0.36,122,0.342,0.236,5,27.5,5.5,91.7,52.3,22.1,38.8,30.4,0.63,34.6,52.1,13.3,1.4,0.00%,15.81,30.3,33.3,60,2D/H,AS,goodmhu01
221,Nolan Gorman*,25,STL,NL,226,0.316,100,0.279,0.189,4,30.1,11.9,88.1,43.8,27.5,24.4,37.4,0.33,34.4,48.1,17.6,-0.2,-0.10%,-4.48,36.1,50,28.6,4D5/H3,,gormano01
222,Matt Gorski,27,PIT,NL,42,0.242,51,0.261,0.195,4.8,38.1,2.4,85.3,32,20,44,28,0.79,28,56,16,-0.4,-0.10%,-4.58,0,0,0,3/H87,,gorskma01
223,Riley Greene*,24,DET,AL,418,0.364,135,0.358,0.253,6,32.3,6.5,89.9,46.1,24.4,40.6,29.9,0.68,33.5,45.3,21.3,0.3,0.40%,14.95,26.1,50,63,*7D8/H9,AS,greenri03
224,Randal Grichuk,33,ARI,NL,182,0.328,107,0.276,0.225,3.8,20.9,5.5,92.4,52.2,26.9,33.6,27.6,0.51,32.1,50.7,17.2,0.1,-0.10%,-2.89,40,0,45,DH9/78,,grichra01
225,Trent Grisham*,28,NYY,AL,327,0.378,146,0.285,0.22,5.2,22,13.5,90,44.3,21.4,35.7,34.3,0.56,36.7,53.8,9.5,2.5,1.80%,20.72,30,0,29.7,*8/H,,grishtr01
226,Vladimir Guerrero Jr.,26,TOR,AL,435,0.363,132,0.307,0.158,3,13.8,13.8,92.8,52.1,26.5,47.9,20.1,0.92,25.9,52.1,22,1.7,1.20%,16.01,31.2,71.4,37.8,*3D/H,AS,guerrvl02
227,Luis Guillorme*,30,HOU,AL,21,0.16,-15,0.25,0,0,38.1,4.8,88.1,27.3,25,66.7,0,2,33.3,58.3,8.3,-0.3,-0.20%,-4.23,50,,100,/45H,,guilllu01
228,Lourdes Gurriel Jr.,31,ARI,NL,403,0.313,93,0.256,0.163,3,13.6,6,88.4,38.9,27.2,36.6,27.8,0.58,26.9,55,18.1,-1.4,-0.50%,-5.24,21.5,77.8,15.4,*7/DH,,gurrilo01
229,Yuli Gurriel,41,SDP,NL,40,0.169,-8,0.143,0.028,0,20,10,85.1,18.5,10.7,39.3,28.6,0.65,32.1,64.3,3.6,-0.4,-0.30%,-4.43,25,,100,D/H3,,gourryu01
230,Eric Haase,32,MIL,NL,72,0.283,76,0.371,0.136,2.8,40.3,5.6,82.3,23.7,21.1,47.4,23.7,0.95,26.3,63.2,10.5,-0.3,-0.20%,0.2,38.9,,71.4,2/DH,,haaseer01
231,Josh Hader*,31,HOU,AL,0,,,,,,,,,,,,,,,,,,,,,,,1,AS,haderjo01
232,Sam Haggerty#,31,TEX,AL,144,0.346,125,0.297,0.125,1.4,17.4,9.7,87.6,44.1,29.8,47.1,15.4,0.92,32.7,50,17.3,0.8,0.30%,7.66,51.1,81.8,55,H87/D94,,haggesa01
233,Seth Halvorsen,25,COL,NL,0,,,,,,,,,,,,,,,,,,,,,,,1,,halvose01
234,David Hamilton*,27,BOS,AL,133,0.24,30,0.213,0.098,2.3,23.3,5.3,83.2,26.6,23.4,38.3,25.5,0.68,38.3,45.7,16,-0.6,-0.30%,-7.4,48.1,83.3,75,4H/65D,,hamilda03
235,Garrett Hampson,30,3TM,NL,80,0.231,32,0.256,0.03,0,30,13.8,80.7,20,20,31.1,31.1,0.52,22.2,60,17.8,-0.3,-0.20%,-6.28,54.5,75,46.2,4/789H651D,,hampsga01
236,Emerson Hancock,26,SEA,AL,0,,,,,,,,,,,,,,,,,,,,,,,1,,hancoem01
237,Maverick Handley,27,BAL,AL,47,0.104,-59,0.125,0,0,38.3,4.3,79.1,34.6,15.4,50,23.1,1.18,19.2,61.5,19.2,-0.3,-0.10%,-5.55,33.3,,0,2/H,,handlma01
238,Ian Happ#,30,CHC,NL,422,0.314,104,0.266,0.15,3.1,22.3,12.1,89,41.3,25.7,36.6,29.7,0.58,34.8,46.7,18.5,0.3,0.30%,7.3,34.4,66.7,42.6,*7/D,,happia01
239,Bryce Harper*,32,PHI,NL,323,0.389,141,0.313,0.224,4,20.4,13.9,91.6,51.4,29.3,38.5,29.8,0.63,31.3,47.1,21.6,2,1.40%,15.22,28.2,100,50,*3/D,,harpebr03
240,Dustin Harris*,25,TEX,AL,38,0.261,74,0.261,0.143,2.6,28.9,7.9,86.5,25,25,33.3,29.2,0.5,29.2,41.7,29.2,-0.4,-0.20%,-3.16,33.3,50,50,/78H9D,,harridu01
241,Michael Harris II*,24,ATL,NL,388,0.247,46,0.251,0.109,1.8,20.9,2.8,88.2,40.6,21.4,51.7,19.7,1.11,31.3,55.8,12.9,-1,-0.10%,-26.72,19,80,38.1,*8/H,,harrimi04
242,Robert Hassell III*,23,WSN,NL,79,0.234,43,0.286,0.051,1.3,26.6,1.3,87.2,42.9,22.8,57.9,14,1.43,28.1,61.4,10.5,-0.4,-0.10%,-3.23,29.4,100,40,8/9H,,hassero02
243,Ke'Bryan Hayes,28,PIT,NL,369,0.274,62,0.307,0.058,0.5,20.9,4.9,89.9,46.4,24.4,48.9,17.4,0.97,20,55.2,24.8,-1.6,-0.50%,-13.2,29.8,83.3,43.2,*5/H,,hayeske01
244,Austin Hays,29,CIN,NL,214,0.362,122,0.328,0.242,4.7,24.8,7.5,89.8,41,22.9,41,28.5,0.69,31.9,54.9,13.2,-0.2,0.00%,5.2,41,100,52,D7/H,,haysau01
245,Austin Hedges,32,CLE,AL,106,0.212,18,0.14,0.11,2.8,30.2,10.4,85,30.6,14.5,27.4,32.3,0.4,30.6,51.6,17.7,-1.1,-0.70%,-12.66,25,100,25,1-Feb,,hedgeau01
246,Jonah Heim#,30,TEX,AL,287,0.278,79,0.255,0.127,2.8,23,5.2,88.4,35.6,23.4,39,27.8,0.65,31.7,52.7,15.6,-0.7,-0.30%,-4.95,21.2,100,36,2D/H,,heimjo01
247,Tyler Heineman#,34,TOR,AL,98,0.391,149,0.4,0.176,3.1,19.4,6.1,80.6,25.7,18.6,37.1,22.9,0.67,37.1,48.6,14.3,0.8,0.50%,7.23,45.7,100,43.8,2/H1,,heinety01
248,Michael Helman,29,TEX,AL,10,0.406,162,0,0.429,10,0,20,71.6,12.5,0,25,50,0.4,25,37.5,37.5,0.3,0.10%,2.12,100,100,,/8H6,,helmami01
249,Ryan Helsley,30,STL,NL,0,,,,,,,,,,,,,,,,,,,,,,,1,,helslry01
250,Gunnar Henderson*,24,BAL,AL,391,0.351,126,0.345,0.178,2.8,23.3,9,92.9,52.7,27,48.7,18.3,0.95,29.3,54,16.7,1.4,0.20%,10.28,32.3,81.3,60,*6/DH,,hendegu01
251,Heriberto Hernández,25,MIA,NL,98,0.378,139,0.433,0.157,3.1,27.6,8.2,90.1,46.8,31.7,41.3,22.2,0.7,30.2,55.6,14.3,0.4,0.00%,4.13,29.4,,50,7D/H9,,hernahe01
252,Kiké Hernández,33,LAD,NL,186,0.286,77,0.219,0.172,4.3,25.8,8.1,90.4,40.2,22.8,36.6,32.5,0.58,29.3,53.7,17.1,-1.2,-0.90%,-7.23,37.5,,50,374H5/81D,,hernaen02
253,Teoscar Hernández,32,LAD,NL,327,0.318,98,0.286,0.198,4.3,24.2,4.6,90.1,45.5,24.7,45,26.4,0.82,25.5,54.1,20.3,0.8,0.50%,6.13,35.9,100,45.2,*9/H,,hernate01
254,Iván Herrera,25,STL,NL,198,0.378,140,0.346,0.183,4,19.7,9.1,89.9,44.9,24.6,50.7,16.7,1.03,23.9,55.1,21,2.2,1.40%,11.37,21.2,100,39.1,D2/H,,herreiv01
255,José Herrera#,28,ARI,NL,170,0.259,52,0.253,0.066,0.6,22.9,11.8,79.4,23.6,19.1,35.5,27.3,0.64,27.3,51.8,20.9,-0.3,-0.10%,-4.52,32.6,,33.3,1-Feb,,herrejo04
256,Tim Herrin*,28,CLE,AL,0,,,,,,,,,,,,,,,,,,,,,,,1,,herriti01
257,Jason Heyward*,35,SDP,NL,95,0.22,32,0.197,0.094,2.1,21.1,6.3,85.1,33.8,11.8,45.6,30.9,0.84,39.7,50,10.3,-0.8,-0.50%,-7.89,36.8,0,57.1,7/H98,,heywaja01
258,Brewer Hicklen,29,DET,AL,4,0.655,302,1,0,0,25,25,88.9,50,50,50,0,1,0,100,0,0.1,0.10%,1.27,66.7,100,100,/8,,hicklbr01
259,Liam Hicks*,26,MIA,NL,210,0.347,117,0.315,0.128,1.9,14.8,11,84.3,27.2,26.3,40.1,29.6,0.69,28.3,53.3,18.4,0,-0.10%,6.15,20.5,,41.7,2HD3,,hicksli01
260,Kyle Higashioka,35,TEX,AL,196,0.297,93,0.294,0.115,2,18.4,5.6,90.6,41.1,23.8,34.7,33.3,0.54,34,54.4,11.6,0,-0.10%,1.76,21.8,100,50,2D/H,,higasky01
261,Derek Hill,29,MIA,NL,100,0.277,56,0.333,0.111,2,37,7,85.5,47.3,27.3,45.5,16.4,1,21.8,47.3,30.9,0.2,0.10%,-5.39,48,100,62.5,8/HD,,hillde01
262,Sam Hilliard*,31,COL,NL,61,0.326,97,0.308,0.216,3.3,37.7,16.4,91.3,57.1,10.7,46.4,28.6,0.93,28.6,60.7,10.7,-0.1,0.00%,-0.34,33.3,66.7,75,/7H89D,,hillisa01
263,Rece Hinds,24,CIN,NL,43,0.18,-7,0.15,0.167,4.7,46.5,2.3,92.5,50,9.1,63.6,22.7,1.75,40.9,45.5,13.6,-0.4,-0.20%,-5.36,100,,25,9,,hindsre01
264,Keston Hiura,28,COL,NL,21,0.293,72,0.364,0.056,0,33.3,0,81.1,18.2,36.4,27.3,18.2,0.38,36.4,45.5,18.2,0,0.00%,-0.1,42.9,,0,/3,,hiurake01
265,Nico Hoerner,28,CHC,NL,399,0.33,110,0.304,0.089,0.8,7.5,5.3,86.8,28.5,24,45,24.6,0.82,27.2,53.2,19.6,1,0.80%,11.45,38.5,86.4,42.9,*4/6,,hoernni01
266,Jeff Hoffman,32,TOR,AL,0,,,,,,,,,,,,,,,,,,,,,,,1,,hoffmje02
267,Jackson Holliday*,21,BAL,AL,396,0.319,109,0.318,0.154,3.3,24,5.6,89.9,45.1,23.7,48.2,24.5,0.94,28.5,54,17.5,-0.6,-0.20%,0.87,27.3,52.9,37,*4/6DH,,hollija01
268,Spencer Horwitz*,27,PIT,NL,201,0.297,81,0.316,0.099,1,21.9,9,87.4,40.1,26.1,38.4,27.5,0.62,31.9,47.1,21,-0.7,-0.10%,-4.37,32.3,,48.1,3/H,,horwisp01
269,Rhys Hoskins,32,MIL,NL,318,0.339,117,0.298,0.186,3.8,26.7,11.9,90.5,46.8,25.8,29.5,34.2,0.42,40,50.5,9.5,0.6,0.30%,2.49,18.8,66.7,28.6,*3/HD,,hoskirh01
270,Brady House,22,WSN,NL,114,0.305,91,0.337,0.111,1.8,21.9,3.5,90,45.2,30.6,42.4,24.7,0.73,27.1,47.1,25.9,-0.5,0.00%,-6.45,31.3,100,45.5,5,,housebr01
271,Sam Huff,27,SFG,NL,58,0.265,69,0.333,0.132,3.4,43.1,6.9,89.3,37.9,27.6,48.3,24.1,0.93,27.6,48.3,24.1,-0.3,-0.20%,-5.78,23.1,,33.3,2,,huffsa01
272,Cooper Hummel#,30,2TM,AL,84,0.265,60,0.22,0.087,2.4,31,14.3,90,38.6,15.9,47.7,25,0.95,20.5,65.9,13.6,-1,-0.80%,-5.06,30.4,100,28.6,7/HD9,,hummeco01
273,Jacob Hurtubise*,27,CIN,NL,15,0.204,10,0.167,0,0,40,6.7,89.3,16.7,16.7,66.7,16.7,2,66.7,16.7,16.7,0,0.00%,-0.82,75,,100,/H79,,hurtuja01
274,Andy Ibáñez,32,DET,AL,106,0.278,67,0.228,0.106,1.9,13.2,6.6,88.5,34.6,24.7,40.7,32.1,0.69,29.6,56.8,13.6,0.3,0.20%,2.41,41.4,100,30,5H/4D367,,ibanean01
275,Jose Iglesias,35,SDP,NL,222,0.272,64,0.294,0.04,0,18.9,5.9,82.9,25.5,19.8,61.7,13.6,1.69,17.9,54.9,27.2,0.1,0.00%,-0.67,24.6,75,7.1,46H5/D7,,iglesjo01
276,Jonathan India,28,KCR,AL,410,0.293,86,0.287,0.096,1,16.6,8.8,88.2,37.6,25.8,37.2,26.8,0.6,31.5,52.3,16.1,-1.5,-0.80%,-9.27,30.5,0,38.6,475D/H,,indiajo01
277,Kyle Isbel*,28,KCR,AL,265,0.278,71,0.306,0.111,1.1,18.9,3.8,82.5,33.8,22.9,39.5,16.1,0.77,33.7,51.2,15.1,-1.3,-0.60%,-8.71,34.8,66.7,52.2,*8/H,,isbelky01
278,Alex Jackson,29,BAL,AL,16,0.283,79,0.25,0.313,6.3,43.8,0,86,22.2,22.2,22.2,44.4,0.29,55.6,33.3,11.1,0.1,0.00%,-0.06,100,,,/2H,,jacksal02
279,Drey Jameson,27,ARI,NL,0,,,,,,,,,,,,,,,,,,,,,,,/1,,jamesdr01
280,Travis Jankowski*,34,3TM,2LG,50,0.261,53,0.324,0.044,0,24,6,79.9,34.3,20,54.3,11.4,1.46,22.9,62.9,14.3,0,-0.10%,-2.85,57.1,100,50,9H/781D,,jankotr01
281,Danny Jansen,30,TBR,AL,246,0.319,103,0.243,0.193,4.5,25.2,11.8,87.7,40.8,22.4,25.7,30.9,0.35,38.2,53.3,8.6,0.3,0.10%,-4.54,25.8,,32.1,*2/H,,janseda01
282,Kenley Jansen#,37,LAA,AL,0,,,,,,,,,,,,,,,,,,,,,,,1,,janseke01
283,Griffin Jax,30,MIN,AL,0,,,,,,,,,,,,,,,,,,,,,,,1,,jaxgr01
284,Ryan Jeffers,28,MIN,AL,307,0.334,109,0.298,0.149,2.3,17.3,11.1,89.7,43.9,27,36.7,27.9,0.58,25.1,53.5,21.4,0,-0.20%,1.81,23.8,,23.5,2D/H,,jeffery01
285,Leo Jiménez,24,TOR,AL,25,0.216,21,0.071,0.136,4,28,8,88.8,50,25,37.5,31.3,0.67,18.8,50,31.3,-0.3,-0.30%,-2.47,33.3,,0,4/H6,,jimenle01
286,Connor Joe,32,2TM,NL,77,0.226,32,0.255,0.059,0,24.7,9.1,89.4,38,29.4,39.2,23.5,0.65,29.4,45.1,25.5,-0.7,-0.40%,-9.77,10,50,20,9H7/3D8,,joeco01
287,Bryce Johnson#,29,SDP,NL,31,0.379,126,0.5,0.074,0,29,3.2,78.7,25,40,30,15,0.55,35,50,15,-0.4,-0.30%,-1.13,18.2,100,50,7/8H9,,johnsbr03
288,Daniel Johnson*,29,SFG,NL,31,0.258,59,0.2,0.172,3.2,25.8,6.5,84.5,28.6,9.5,42.9,28.6,0.75,19,61.9,19,-0.2,-0.10%,-1.51,66.7,100,0,/H897,,johnsda07
289,Greg Jones#,27,CHW,AL,2,0.123,-132,,0,0,100,0,,,,,,,,,,0,0.00%,-0.03,,100,,/H9,,jonesgr02
290,Jahmai Jones,27,DET,AL,57,0.378,144,0.27,0.28,5.3,17.5,10.5,92,55,30,30,25,0.43,37.5,47.5,15,0.3,0.10%,5.43,17.6,,85.7,HD/974,,jonesja08
291,Nolan Jones*,27,CLE,AL,282,0.291,79,0.311,0.094,1.1,27,11.3,90.7,47.6,27.5,40.9,25.1,0.71,28.7,55.6,15.8,-0.7,-0.40%,-2.2,21.8,70,23.5,*98H/7D,,jonesno01
292,Aaron Judge,33,NYY,AL,451,0.471,220,0.418,0.368,8,26.2,16.2,95.1,56.3,21.9,35.2,38.3,0.54,28.5,54.7,16.8,3.3,2.40%,50.84,31.4,66.7,30.5,*9D/H,AS,judgeaa01
293,Edouard Julien*,26,MIN,AL,104,0.262,63,0.262,0.121,1.9,27.9,10.6,88.7,41.3,28.6,49.2,22.2,0.97,34.9,41.3,23.8,-0.5,-0.20%,-6.79,21.4,0,22.2,4/DH6,,julieed01
294,Jace Jung*,24,DET,AL,53,0.188,6,0.167,0,0,28.3,13.2,88.5,40,23.3,50,13.3,1,33.3,50,16.7,-0.1,-0.10%,-2.76,61.5,,80,5/H,,jungja01
295,Josh Jung,27,TEX,AL,303,0.296,93,0.299,0.137,3,24.4,5.6,87.7,42.8,28.1,42.4,22.9,0.74,27.1,52.4,20.5,-1.5,-0.80%,-2.06,25.3,80,39.1,*5/DH,,jungjo01
296,Tommy Kahnle,35,DET,AL,0,,,,,,,,,,,,,,,,,,,,,,,1,,kahnlto01
297,Niko Kavadas*,26,LAA,AL,1,0,-136,0,0,0,0,0,84.9,0,0,0,100,0,0,0,100,0,0.00%,-0.35,,,,/3H,,kavadni01
298,Luke Keaschall,22,MIN,AL,26,0.516,208,0.412,0.158,0,7.7,19.2,90.8,41.2,23.5,35.3,35.3,0.55,35.3,41.2,23.5,0.3,0.10%,3.97,28.6,100,,/D4,,keasclu01
299,DaShawn Keirsey Jr.*,28,MIN,AL,73,0.141,-32,0.136,0.043,1.4,34.2,2.7,86.2,33.3,8.9,51.1,26.7,1.1,28.9,42.2,28.9,-0.5,-0.20%,-9.97,66.7,66.7,14.3,9H78/D,,keirsda01
300,Colt Keith*,23,DET,AL,311,0.329,109,0.297,0.162,2.6,20.6,11.6,89.8,44.8,26.7,40,29,0.67,28.1,48.6,23.3,0.5,0.30%,0.54,36.1,,56.8,D43H5,,keithco01
301,Jarred Kelenic*,25,ATL,NL,65,0.231,43,0.229,0.133,3.1,35.4,7.7,87.6,37.8,5.4,43.2,35.1,0.8,37.8,51.4,10.8,-0.9,-0.40%,-8.79,38.5,0,50,9/H7,,kelenja01
302,Carson Kelly,30,CHC,NL,250,0.389,158,0.279,0.244,5.2,15.2,13.2,90.1,43.8,21.3,40.4,32.6,0.68,30.3,50,19.7,0.2,0.00%,9.38,31.3,,19.4,2/HD,,kellyca02
303,Otto Kemp,25,PHI,NL,114,0.317,99,0.338,0.118,1.8,25.4,5.3,90.7,46.6,30.1,41.1,27.4,0.71,34.2,46.6,19.2,0.3,0.30%,1.73,27.8,33.3,8.3,3/75H,,kempot01
304,Buddy Kennedy,26,PHI,NL,8,0.087,-68,0,0,0,25,12.5,74.2,0,0,60,20,1.5,0,80,20,-0.2,-0.20%,-1.89,0,,,/35DH,,kennebu01
305,Max Kepler*,32,PHI,NL,328,0.3,81,0.227,0.165,3.4,19.8,11.6,90.8,44.3,21.2,36.9,34.7,0.59,34.2,50.5,15.3,-0.5,-0.70%,-11.77,28.1,100,38.9,*79H/8,,keplema01
306,Ha-Seong Kim,29,TBR,AL,35,0.311,87,0.273,0.129,2.9,22.9,11.4,87,52.2,26.1,39.1,26.1,0.69,17.4,56.5,26.1,0.2,0.10%,0.19,20,80,33.3,/64,,kimha01
307,Hyeseong Kim*,26,LAD,NL,133,0.384,132,0.418,0.111,1.5,24.8,4.5,86.7,30.1,25.8,54.8,18.3,1.21,29,55.9,15.1,0.7,0.50%,8.53,33.3,100,50,48H/6,,kimhy02
308,Isiah Kiner-Falefa,30,PIT,NL,315,0.31,87,0.328,0.065,0.3,16.2,4.8,83.5,25.3,26.5,53.5,11.8,1.22,23.3,56.7,20,-0.4,-0.20%,-3.89,26.5,80,50,*6/5,,kineris01
309,Scott Kingery,31,LAA,AL,27,0.18,5,0.267,0.04,0,37,7.4,79.3,26.7,0,53.3,26.7,1.6,33.3,53.3,13.3,-0.3,-0.20%,-3.42,50,50,100,/468H9,,kingesc01
310,Alejandro Kirk,26,TOR,AL,336,0.337,113,0.318,0.106,2.1,9.8,8.3,92.2,54.2,27,43.1,24.5,0.76,21.5,54.7,23.7,1.1,0.70%,6.32,17.5,,2.6,*2/DH,AS,kirkal01
311,Andrew Kittredge,35,BAL,AL,0,,,,,,,,,,,,,,,,,,,,,,,1,,kittran01
312,Heston Kjerstad*,26,BAL,AL,167,0.254,57,0.241,0.135,2.4,26.9,3.6,88.8,41.1,25.9,41.1,25,0.7,28.6,51.8,19.6,-1.9,-0.70%,-15.3,33.3,100,38.5,79/HD,,kjershe01
313,Andrew Knizner,30,SFG,NL,46,0.257,63,0.194,0.07,2.2,13,4.3,84.2,18.4,15.8,44.7,21.1,0.85,13.2,60.5,26.3,-0.1,-0.10%,-1.31,66.7,,16.7,2/DH,,kniznan01
314,Christian Koss,27,SFG,NL,108,0.321,106,0.333,0.092,1.9,23.1,4.6,84.9,37.7,24.7,44.2,18.2,0.89,20.8,53.2,26,0.1,0.00%,0.53,33.3,100,50,4/5H61D,,kossch01
315,Ryan Kreidler,27,DET,AL,44,0.162,-27,0.211,0,0,43.2,9.1,83.1,28.6,14.3,38.1,38.1,0.73,28.6,66.7,4.8,-0.5,-0.30%,-3.47,62.5,100,60,8,,kreidry01
316,Nick Kurtz*,22,ATH,AL,256,0.405,164,0.349,0.335,7.4,32,10.9,93.3,53.1,20.7,37.2,37.9,0.59,29.7,49.7,20.7,1.2,-0.10%,18.54,27.8,66.7,31.8,3/D,,kurtzni01
317,Steven Kwan*,27,CLE,AL,415,0.33,105,0.296,0.108,1.4,8.4,8.7,85,20.5,28.2,39.3,27.3,0.67,26.1,55.4,18.5,0,0.20%,1.71,27.5,84.6,28.6,*7/D8,AS,kwanst01
318,Shea Langeliers,27,ATH,AL,288,0.324,103,0.253,0.218,4.9,19.8,8,90.5,44.9,24,42.3,27.4,0.73,29,53.1,17.9,-1,-0.20%,-3.65,25,80,43.5,2/DH,,langesh01
319,Wyatt Langford,23,TEX,AL,350,0.324,111,0.284,0.181,4.3,27.7,10,90.8,46.3,23.1,38.9,28.7,0.64,33.3,48.1,18.5,0.2,0.20%,4.7,28.7,78.9,53.6,*78,,langfwy01
320,Trevor Larnach*,28,MIN,AL,381,0.325,104,0.285,0.164,3.4,22.3,8.7,90.9,44.4,25.1,44.4,26.3,0.8,34.4,49.4,16.2,-0.2,-0.10%,-1.56,31.1,40,45.7,D97/H,,larnatr01
321,Ramón Laureano,30,BAL,AL,255,0.366,140,0.336,0.24,5.1,26.3,7.8,88.7,46.6,29.1,39.4,26.1,0.65,31.5,55.2,13.3,0.5,-0.20%,7.03,32.4,66.7,47.1,97/DH8,,laurera01
322,Jordan Lawlar,22,ARI,NL,22,0.095,-61,0,0,0,40.9,13.6,80.7,30,0,60,20,2,60,40,0,-0.3,-0.10%,-3.15,33.3,,50,/4H56D,,lawlajo01
323,Jordan Leasure,26,CHW,AL,0,,,,,,,,,,,,,,,,,,,,,,,1,,leasujo01
324,Brooks Lee#,24,MIN,AL,306,0.288,76,0.287,0.118,2.6,19.3,4.2,88.7,39.4,20.8,43.3,29,0.77,32,53.2,14.7,-0.1,-0.20%,-1.15,20,50,30.4,546/HD,,leebr02
325,Jung Hoo Lee*,26,SFG,NL,407,0.313,103,0.263,0.148,1.5,11.1,8.1,87,30.2,23.7,43.1,28.6,0.77,36.9,47.7,15.4,-0.2,-0.10%,6.62,36.4,75,51.4,*8/HD,,leeju01
326,Korey Lee,26,CHW,AL,31,0.346,123,0.304,0.107,0,16.1,6.5,81.6,25,20.8,45.8,16.7,0.92,25,54.2,20.8,0,0.00%,-0.37,77.8,,0,2/HD,,leeko01
327,Casey Legumina,28,SEA,AL,0,,,,,,,,,,,,,,,,,,,,,,,1,,legumca01
328,Jack Leiter,25,TEX,AL,1,0,-127,,0,0,100,0,,,,,,,,,,0,0.00%,-0.34,,,,1/H,,leiteja01
329,DJ LeMahieu,36,NYY,AL,142,0.309,94,0.352,0.07,1.4,24.6,9.9,91.7,52.2,22.6,60.2,15.1,1.51,10.8,52.7,36.6,-0.9,-0.60%,-1.06,23.9,,23.1,4/H,,lemahdj01
330,Sandy León#,36,ATL,NL,0,,,,,,,,,,,,,,,,,,,,,,,/2,,leonsa01
331,Royce Lewis,26,MIN,AL,169,0.292,77,0.242,0.123,2.4,13.6,8.3,91.4,45.5,21.2,37.1,33.3,0.59,31.1,55.3,13.6,-0.9,-0.50%,-0.47,28.9,100,20,5/DH,,lewisro02
332,Daylen Lile*,22,WSN,NL,141,0.288,90,0.26,0.124,1.4,17,5.7,89.2,39.6,27.4,43.4,23.6,0.77,42.5,44.3,13.2,-0.8,-0.10%,-5.7,40.5,42.9,46.7,9/H7,,lileda01
333,Francisco Lindor#,31,NYM,NL,453,0.331,112,0.259,0.186,4.2,18.1,7.3,89.6,43.4,22.9,40.2,27.7,0.68,34.3,52,13.8,1,0.80%,6.46,36.6,88.9,66.7,*6/DH,AS,lindofr01
334,Trey Lipscomb,25,WSN,NL,4,0.427,183,0.667,0,0,25,0,90.8,33.3,0,100,0,,0,66.7,33.3,0,0.00%,0.03,50,,,/356H,,lipsctr01
335,Brandon Lockridge,28,SDP,NL,95,0.248,36,0.297,0.045,0,25.3,4.2,84.3,27.3,15.2,59.1,19.7,1.63,18.2,57.6,24.2,-0.3,-0.20%,-4.81,37.5,88.9,50,78H/9,,lockrbr01
336,Nick Loftin,26,KCR,AL,118,0.267,65,0.231,0.162,2.5,15.3,3.4,89.1,33.3,26.6,35.1,25.5,0.54,23.4,57.4,19.1,-0.1,-0.10%,-2.59,33.3,50,54.5,74/5HD,,loftini01
337,Joey Loperfido*,26,TOR,AL,31,0.348,121,0.348,0.138,3.2,16.1,6.5,84.9,33.3,20.8,41.7,25,0.71,29.2,54.2,16.7,0.1,0.10%,2.38,10,,,/79H,,loperjo01
338,Nicky Lopez*,30,2TM,2LG,28,0.128,-31,0.05,0,0,14.3,14.3,84.8,40,15,70,5,2.33,35,50,15,0,0.00%,-2.76,40,,50,5/6H147D,,lopezni01
339,Otto López,26,MIA,NL,350,0.334,106,0.264,0.14,3.1,13.1,9.4,88.3,37.8,23.4,48,23.4,0.92,27.5,55.8,16.7,0.5,-0.30%,10.64,31.1,76.9,62.5,64/D,,lopezot01
340,Brandon Lowe*,30,TBR,AL,350,0.349,124,0.313,0.211,5.4,25.4,6.9,92.1,47,26.7,38.6,28.4,0.63,39,46.2,14.8,0.7,0.50%,11.85,38.7,75,20.7,*4/HD,AS,lowebr01
341,Josh Lowe*,27,TBR,AL,228,0.305,93,0.275,0.147,2.6,20.2,9.2,88.8,43.3,29.4,45.6,19.4,0.86,29.4,50.6,20,-0.4,-0.20%,-1.46,40.6,66.7,50,9/HD,,lowejo01
342,Nathaniel Lowe*,29,WSN,NL,422,0.305,95,0.283,0.168,3.6,27.3,8.8,89.4,41.4,26.8,43.9,24.2,0.78,27.2,46.6,26.1,0.7,0.30%,5.79,29.1,100,14.6,*3/DH,,lowena01
343,Matthew Lugo,24,LAA,AL,43,0.334,110,0.304,0.31,7,37.2,0,90.1,61.5,23.1,57.7,15.4,1.36,34.6,50,15.4,0,0.00%,-0.74,37.5,,50,8/H79,,lugoma01
344,Nathan Lukes*,30,TOR,AL,233,0.321,103,0.285,0.111,2.1,12.4,11.2,85.9,34.9,24.4,48.3,18.2,1.01,27.8,59.1,13.1,-0.1,0.00%,2.95,30.7,33.3,40,*978H,,lukesna01
345,Gavin Lux*,27,CIN,NL,325,0.334,103,0.366,0.108,1.2,24,11.7,88.8,38.8,25.8,47.8,24.4,0.92,34.4,52.6,12.9,0.1,0.00%,8.9,23.9,100,39.3,7D4/H5,,luxga01
346,Daniel Lynch IV*,28,KCR,AL,0,,,,,,,,,,,,,,,,,,,,,,,1,,lynchda02
347,Manny Machado,32,SDP,NL,430,0.357,125,0.304,0.199,4.2,17.2,9.1,92.7,51.1,25.2,38.2,27.8,0.62,25.9,55.5,18.6,0.7,0.50%,11.14,32.3,80,33.3,*5D,AS,machama01
348,Willie MacIver,28,ATH,AL,52,0.322,96,0.278,0.204,3.8,21.2,5.8,87.2,42.1,26.3,36.8,28.9,0.58,15.8,55.3,28.9,0,0.00%,0.25,15.4,100,20,1-Feb,,macivwi01
349,Luke Maile,34,KCR,AL,10,0.519,247,0.333,0.375,10,10,20,96.3,50,28.6,28.6,42.9,0.4,28.6,57.1,14.3,0.1,0.10%,1.48,25,,,/2,,mailelu01
350,Martín Maldonado,38,SDP,NL,149,0.249,47,0.282,0.131,2.7,36.9,4.7,80.9,27.9,19.5,36.8,23,0.67,37.9,43.7,18.4,-1.3,-0.90%,-10.28,20.7,,30,2,,maldoma01
351,Justyn-Henry Malloy,25,DET,AL,118,0.293,82,0.288,0.073,0.8,26.3,16.1,86.5,29.9,25.4,32.8,32.8,0.49,28.4,47.8,23.9,0.1,0.10%,1.16,30.8,,60,DH9/7,,malloju02
352,Jake Mangum#,29,TBR,AL,244,0.315,94,0.338,0.079,0.8,13.1,5.3,86.9,36.8,21.7,60.1,14.1,1.53,18.2,58.1,23.7,0.4,0.30%,7.3,28.8,82.4,45,789/H,,manguja01
353,Joe Mantiply,34,ARI,NL,0,,,,,,,,,,,,,,,,,,,,,,,1,,mantijo01
354,Kyle Manzardo*,24,CLE,AL,312,0.321,100,0.239,0.231,5.1,24.7,9.3,89.3,40.7,20.1,29.4,37.3,0.42,33.3,46.6,20.1,0.1,-0.20%,-7.3,15.8,100,27.8,D3H,,manzaky01
355,Rafael Marchán#,26,PHI,NL,72,0.245,42,0.2,0.079,1.4,16.7,9.7,83.7,19.2,17.3,51.9,23.1,1.13,48.1,40.4,11.5,-0.3,-0.20%,-3.78,22.2,,0,2,,marchra01
356,Manuel Margot,30,DET,AL,20,0.263,61,0.429,0,0,30,0,80,15.4,42.9,35.7,14.3,0.56,21.4,42.9,35.7,0.4,0.20%,1.61,16.7,,50,/9H,,margoma01
357,Brandon Marsh*,27,PHI,NL,245,0.304,82,0.329,0.098,1.2,25.7,9.8,90.5,48.1,24.8,43.3,26.1,0.78,28.7,51.6,19.7,-0.9,-0.50%,-5.45,37.8,83.3,59.1,*87H/9,,marshbr02
358,Ketel Marte#,31,ARI,NL,306,0.403,159,0.282,0.273,6.2,15.4,13.4,91.1,46.9,22.4,39.3,28,0.65,38.3,48.1,13.6,1.6,0.70%,16.06,34,66.7,37,4/DH,AS,marteke01
359,Noelvi Marté,23,CIN,NL,125,0.378,133,0.292,0.217,4.8,16.8,6.4,90,37.2,16.8,47.4,26.3,0.9,34.7,48.4,16.8,0.4,0.10%,10.34,28.6,71.4,62.5,5/9HD,,marteno01
360,Starling Marte,36,NYM,NL,188,0.335,119,0.313,0.117,2.1,17.6,7.4,86.2,40.2,22.6,45.9,23.3,0.9,21.8,57.1,21.1,0.4,0.20%,0.75,29,71.4,58.8,DH/79,,martest01
361,Ángel Martínez#,23,CLE,AL,309,0.302,86,0.295,0.165,2.9,21.4,2.9,86.2,30.2,25,35.8,28.4,0.58,40.9,47,12.1,-0.4,-0.70%,-5.62,38.2,75,48,84/H97,,martian02
362,Justin Martínez,23,ARI,NL,0,,,,,,,,,,,,,,,,,,,,,,,1,,martiju01
363,Nick Martini*,35,COL,NL,111,0.267,54,0.265,0.069,0.9,16.2,8.1,85.7,31.3,20.2,45.2,27.4,0.83,36.9,41.7,21.4,-1.1,0.00%,-6.13,25.8,,66.7,D9H/7,,martini02
364,Michael Massey*,27,KCR,AL,209,0.209,20,0.226,0.056,1,15.3,2.4,86,31,24,31,28.7,0.46,40.4,42.7,17,-2.3,-1.40%,-24.1,18.2,100,50,4/7DH,,massemi02
365,Miles Mastrobuoni*,29,SEA,AL,168,0.281,87,0.305,0.041,0.6,16.7,10.1,86.7,37.7,26.8,47.2,20.3,0.97,23.6,55.3,21.1,0.4,0.20%,-1.06,34,62.5,50,H549/71,,mastrmi01
366,Jorge Mateo,30,BAL,AL,65,0.271,39,0.27,0.098,1.5,35.4,6.2,88,36.8,18.4,39.5,34.2,0.65,15.8,63.2,21.1,-0.8,-0.30%,-5.02,42.9,93.3,100,6H/84D517,,mateojo01
367,Nick Maton*,28,CHW,AL,63,0.265,69,0.212,0.148,3.2,30.2,14.3,89,37.1,22.9,20,42.9,0.25,37.1,54.3,8.6,-0.4,-0.10%,-2.39,18.8,0,100,D/H3479,,matonni01
368,Phil Maton,32,STL,NL,0,,,,,,,,,,,,,,,,,,,,,,,1,,matonph01
369,Luis Matos,23,SFG,NL,106,0.262,63,0.154,0.21,4.7,16,5.7,88.1,36.1,16.9,47,24.1,0.89,33.7,57.8,8.4,-0.3,-0.20%,-5.73,38.9,100,50,9/78HD,,matoslu02
370,Brice Matthews,23,HOU,AL,24,0.395,159,0.125,0.45,12.5,37.5,8.3,90.6,66.7,16.7,16.7,58.3,0.22,33.3,66.7,0,0.8,0.70%,3.82,50,,100,/45,,matthbr01
371,Tyler Matzek*,34,NYY,AL,0,,,,,,,,,,,,,,,,,,,,,,,/1,,matzety01
372,Ronny Mauricio#,24,NYM,NL,115,0.304,92,0.275,0.152,3.5,27.8,7.8,89.9,41.7,19.2,45.2,26,0.83,42.5,46.6,11,-0.6,-0.40%,-5.52,37.9,100,37.5,5/4H6D,,mauriro01
373,Marcelo Mayer*,22,BOS,AL,134,0.289,84,0.301,0.175,3,29.9,5.2,90,51.7,23,48.3,26.4,0.93,32.2,50.6,17.2,-0.6,-0.10%,-6.03,46.9,0,70,5/4H6,,mayerma01
374,Coby Mayo,23,BAL,AL,92,0.266,65,0.267,0.096,1.1,23.9,9.8,88.1,41.7,18,39.3,26.2,0.65,23,63.9,13.1,-0.1,-0.10%,-3.36,32,100,55.6,3/DH5,,mayoco01
375,James McCann,35,ARI,NL,40,0.478,211,0.455,0.25,5,20,17.5,93.6,58.3,37.5,50,12.5,1,20.8,66.7,12.5,0.3,0.10%,2.3,27.8,,40,2/H,,mccanja02
376,Jake McCarthy*,27,ARI,NL,105,0.218,21,0.147,0.097,1.9,16.2,8.6,82.1,25.6,11.5,48.7,28.2,1.03,38.5,48.7,12.8,-0.7,-0.30%,-7.23,23.8,100,16.7,8/79HD,,mccarja02
377,Chas McCormick,30,HOU,AL,67,0.254,63,0.359,0.035,0,26.9,7.5,77.8,23.8,27.9,23.3,20.9,0.37,27.9,51.2,20.9,-0.4,-0.40%,-4.09,45,40,37.5,978/HD,,mccorch01
378,Mason McCoy,30,SDP,NL,5,0,-130,0,0,0,60,0,64.7,0,0,100,0,,0,100,0,-0.1,0.00%,-1.6,,,,/H4D,,mccoyma01
379,Carson McCusker,27,MIN,AL,6,0.149,-27,0.5,0,0,66.7,0,59.8,0,0,50,50,1,0,100,0,-0.1,0.00%,-0.55,0,,,/9H,,mccusca01
380,Andrew McCutchen,38,PIT,NL,362,0.319,98,0.309,0.123,2.2,21,10.5,89.5,45,23,43.9,24.2,0.78,35.2,52,12.7,-1.6,-0.30%,-7.43,21.2,50,17.9,*D/9H7,,mccutan01
381,Reese McGuire*,30,CHC,NL,70,0.287,84,0.188,0.239,7.1,20,2.9,84.2,40.7,16.7,38.9,29.6,0.68,38.9,48.1,13,0,0.00%,-2.76,45.5,,50,2/H,,mcguire01
382,Billy McKinney*,30,TEX,AL,8,0.197,22,0.167,0,0,12.5,12.5,85.3,16.7,16.7,50,33.3,1,33.3,66.7,0,0,0.00%,-1.5,50,,0,/7D,,mckinbi01
383,Zach McKinstry*,30,DET,AL,349,0.356,123,0.329,0.178,2.3,20.6,10.3,85.6,32.1,33.8,37.1,21.5,0.59,34.6,48.5,16.9,0.8,0.40%,7.28,35.7,84.2,75,5976/H4D3,AS,mckinza01
384,Matt McLain,25,CIN,NL,379,0.305,77,0.277,0.131,2.9,26.6,9.8,87.9,40.8,22.5,37.3,29.7,0.61,18.6,59.3,22,-2.5,-1.30%,-10.6,36.5,93.3,53.8,*4/6DH,,mclaima01
385,Ryan McMahon*,30,COL,NL,397,0.316,89,0.29,0.187,4,31.5,12.1,92.3,50.5,23.3,37.2,33.6,0.62,32.7,55.6,11.7,-1.6,-0.30%,-9.98,22.9,66.7,47.8,*5/HD,,mcmahry01
386,Jeff McNeil*,33,NYM,NL,249,0.356,134,0.247,0.204,3.6,10.8,11.6,86.3,31.4,26.1,34.6,31.4,0.54,36.7,45.7,17.6,0.7,0.70%,5.07,16.7,100,19,48/7H9D,,mcneije01
387,Curtis Mead,24,TBR,AL,132,0.305,90,0.288,0.113,2.3,25,9.1,89.2,39.5,19.3,41,31.3,0.69,21.7,56.6,21.7,-0.9,-0.50%,-5.96,28.2,80,60,34H/5D,,meadcu01
388,Parker Meadows*,25,DET,AL,128,0.254,50,0.263,0.095,1.6,29.7,9.4,85.1,29.9,32.1,42.3,15.4,0.79,34.6,55.1,10.3,-0.8,-0.40%,-3.97,34.4,100,54.5,8/H,,meadopa01
389,Chase Meidroth,23,CHW,AL,320,0.302,87,0.288,0.06,0.6,13.1,10,88.2,37.8,23.5,50.6,19.3,1.03,24.3,53.1,22.6,-0.7,0.00%,-8.11,28.8,78.6,37.5,64/H,,meidrch01
390,Juan Mejia,24,COL,NL,0,,,,,,,,,,,,,,,,,,,,,,,1,,mejiaju01
391,MJ Melendez*,26,KCR,AL,52,0.165,-11,0.115,0.085,1.9,38.5,5.8,90.1,44.4,18.5,33.3,29.6,0.5,48.1,51.9,0,-0.7,-0.40%,-6.43,37.5,,0,7/9HD,,melenmj01
392,Jacob Melton*,24,HOU,AL,31,0.285,60,0.412,0.069,0,38.7,6.5,91.5,58.8,11.8,88.2,0,7.5,29.4,52.9,17.6,-0.1,-0.10%,1.87,33.3,100,100,/789H,,meltoja01
393,Jackson Merrill*,22,SDP,NL,289,0.319,101,0.311,0.147,2.4,21.5,8,88.2,38.8,22.4,42.3,29.4,0.75,29.9,48.3,21.9,-0.1,-0.20%,2.6,32.6,33.3,58.3,*8,,merrija01
394,Matt Mervis*,27,MIA,NL,134,0.289,76,0.219,0.208,5.2,37.3,8.2,88.3,38,14.1,36.6,35.2,0.58,36.6,50.7,12.7,-0.4,0.00%,-5.33,29.6,,25,3D/H,,mervima01
395,Víctor Mesa Jr.*,23,MIA,NL,10,0.255,47,0.167,0,0,10,20,83.2,28.6,14.3,14.3,57.1,0.2,42.9,42.9,14.3,-0.2,0.00%,-0.64,33.3,,0,/8,,mesavi01
396,Jake Meyers,29,HOU,AL,322,0.348,121,0.374,0.097,0.9,18,8.4,87.8,39.1,28.1,47.7,19.6,0.93,23,60,17,0.8,0.60%,0.2,38.3,73.7,39.5,*8/H,,meyerja02
397,Drew Millas#,27,WSN,NL,15,0.336,106,0.273,0.083,0,6.7,13.3,75.1,8.3,25,41.7,16.7,0.83,33.3,41.7,25,0.3,0.00%,1.63,40,100,0,/2H,,milladr01
398,Owen Miller,28,COL,NL,17,0.246,28,0.2,0,0,23.5,11.8,76.7,22.2,10,70,20,2.33,30,60,10,0,0.00%,0.1,0,100,100,/4H5D,,milleow01
399,Shelby Miller,34,ARI,NL,0,,,,,,,,,,,,,,,,,,,,,,,1,,millesh01
400,Hoby Milner*,34,TEX,AL,0,,,,,,,,,,,,,,,,,,,,,,,1,,milneho01
401,José Miranda,27,MIN,AL,36,0.178,-6,0.227,0.083,2.8,36.1,0,88.5,43.5,17.4,56.5,26.1,1.3,26.1,65.2,8.7,-0.3,-0.20%,-4.28,20,,,5/H,,miranjo01
402,Kameron Misner*,27,TBR,AL,217,0.28,69,0.296,0.132,2.3,31.8,7.4,86,29.8,23.7,40.5,26.7,0.72,32.8,48.1,19.1,-0.6,-0.40%,-7.3,40.7,88.9,55.6,89/7HD,,misneka01
403,Garrett Mitchell*,26,MIL,NL,78,0.27,60,0.318,0.088,0,32.1,9,87.8,42.2,24.4,44.4,20,0.87,26.7,48.9,24.4,0.1,0.10%,-1.9,40.9,100,42.9,8/H,,mitchga01
404,Andruw Monasterio,28,MIL,NL,53,0.274,67,0.229,0.104,1.9,22.6,9.4,84.4,30.6,22.2,36.1,25,0.59,36.1,44.4,19.4,-0.3,-0.20%,-3.12,61.5,100,55.6,6/3H54,,monasan01
405,Yoán Moncada#,30,LAA,AL,146,0.353,124,0.256,0.254,5.5,25.3,11.6,91.7,44.4,23.3,34.4,37.8,0.53,45.6,37.8,16.7,1.2,0.50%,7.9,32.5,,25,5/H,,moncayo01
406,Mickey Moniak*,27,COL,NL,271,0.369,126,0.314,0.271,5.5,24,6.3,89.7,47.6,26.2,34.8,35.8,0.54,42.2,41.7,16,0.3,-0.20%,7.07,31.5,71.4,50,*98DH/7,,moniami01
407,Coco Montes,28,TBR,AL,10,0.179,0,0.286,0,0,30,0,90.2,42.9,28.6,71.4,0,2.5,28.6,42.9,28.6,-0.1,0.00%,-0.54,0,,,/457,,monteco01
408,Colson Montgomery*,23,CHW,AL,53,0.339,117,0.355,0.13,1.9,26.4,11.3,78.3,21.9,25,50,15.6,1,43.8,37.5,18.8,-0.2,0.00%,-2.49,17.6,,25,/65,,montgco01
409,Christian Moore,22,LAA,AL,64,0.304,88,0.226,0.208,4.7,31.3,12.5,84.7,31.4,22.9,40,34.3,0.7,14.3,68.6,17.1,1,0.50%,-0.57,31.3,,100,4/H,,moorech03
410,Dylan Moore,32,SEA,AL,193,0.291,91,0.262,0.176,4.7,34.2,7.8,84.5,33.9,21.4,35.7,31.3,0.56,30.4,55.4,14.3,-1.4,-0.80%,-10.29,42.9,71.4,54.5,H4953/6D8,,mooredy01
411,Christopher Morel,26,TBR,AL,197,0.311,96,0.295,0.18,3.6,33.5,8.6,91.3,47.3,14.3,37.5,37.5,0.61,41.1,49.1,9.8,-0.4,-0.30%,-0.97,42,71.4,27.8,7H/9D,,morelch01
412,Gabriel Moreno,25,ARI,NL,188,0.321,101,0.307,0.144,2.7,17,6.9,91.3,47.2,23.2,47.2,26.1,0.89,23.9,46.5,29.6,-0.5,-0.10%,-0.5,42.9,50,30,2/H,,morenga01
413,Ryan Mountcastle,28,BAL,AL,200,0.298,90,0.31,0.102,1,23,4,90.5,46.5,29.9,44.4,21.5,0.8,31.3,45.1,23.6,-0.2,0.00%,-2.49,31.5,100,20,3/DH,,mountry01
414,Cedric Mullins*,30,BAL,AL,328,0.307,93,0.247,0.182,4,25,9.8,86.6,36.5,24.1,26.9,31.6,0.39,39.6,47.2,13.2,0.5,0.30%,2.22,30.1,82.4,50,*8/DH,,mullice01
415,Max Muncy*,34,LAD,NL,315,0.367,133,0.285,0.207,4.1,21.9,16.2,91.5,53.1,23.4,31.8,40.1,0.47,42.7,49,8.3,1.7,1.40%,23.45,24.8,100,48.3,*5/H,,muncyma01
416,Max Muncy,22,ATH,AL,213,0.279,72,0.268,0.17,4.2,30.5,4.2,86.2,32.6,22.8,44.9,22.1,0.84,30.1,57.4,12.5,-0.9,-0.40%,-2.32,17.4,50,38.5,54/6H,,muncyma02
417,Sean Murphy,30,ATL,NL,243,0.359,128,0.279,0.269,6.6,31.3,9.1,90.1,46.7,23.2,42,31.2,0.73,31.2,55.8,13,1.9,0.50%,13.05,17.5,,33.3,2/HD,,murphse01
418,Dane Myers,29,MIA,NL,236,0.303,83,0.329,0.091,1.7,22.5,5.5,90.4,39.3,25.6,44.6,23.8,0.82,20.2,62.5,17.3,-1.1,-0.10%,-11.04,26.1,73.7,40,*89/H7,,myersda01
419,Carlos Narváez,26,BOS,AL,299,0.33,109,0.335,0.162,2.7,25.1,10.4,91.2,43,19.7,45.6,27.5,0.84,28.5,46.6,24.9,0,-0.10%,-0.27,32.3,50,21.7,*2/HD,,narvaca01
420,Omar Narváez*,33,CHW,AL,10,0.306,93,0.286,0,0,10,20,87.2,14.3,14.3,42.9,42.9,0.75,42.9,57.1,0,0,0.00%,1.51,25,,100,/2,,narvaom01
421,Bo Naylor*,25,CLE,AL,260,0.28,73,0.19,0.183,3.8,26.5,12.7,87.7,36.1,20.3,29.1,33.5,0.43,30.4,52.5,17.1,-0.7,-0.50%,-5.11,32.8,33.3,43.5,*2/H,,naylobo01
422,Josh Naylor*,28,ARI,NL,390,0.359,124,0.311,0.157,2.8,12.6,9.5,89,40.8,23.3,45,27.7,0.82,38.3,50,11.7,1.5,0.50%,18.72,29.5,84.6,26.5,*3D/H,,naylojo01
423,Ryne Nelson,27,ARI,NL,1,0.903,527,1,0,0,0,0,89.8,0,0,100,0,,0,100,0,0,0.00%,-0.09,100,,100,1/H,,nelsory01
424,Zach Neto,24,LAA,AL,354,0.351,122,0.341,0.201,4.2,25.7,5.4,90.4,47.1,25.6,39.1,27.7,0.65,34,48.3,17.6,0.2,0.00%,6.47,49.5,69.2,51.4,*6/H,,netoza01
425,Kevin Newman,31,LAA,AL,105,0.222,26,0.244,0.049,1,19,1,85.8,29.8,22.6,50,21.4,1.02,22.6,56,21.4,-0.7,-0.40%,-6.45,42.9,100,44.4,56/4H13,,newmake01
426,Tomás Nido,31,DET,AL,37,0.315,98,0.48,0,0,27,0,84.5,34.6,34.6,42.3,15.4,0.79,23.1,46.2,30.8,0,0.00%,-3.56,30.8,,25,1-Feb,,nidoto01
427,Brandon Nimmo*,32,NYM,NL,405,0.347,124,0.284,0.197,4.4,19.5,7.9,91.9,50.2,21.8,45,24.9,0.82,27.3,51.6,21.1,-1.3,-0.80%,6.72,27.2,91.7,34.5,*7/D8H,,nimmobr01
428,Ryan Noda*,29,CHW,AL,45,0.233,36,0.143,0.088,2.2,42.2,22.2,83.6,31.3,12.5,31.3,31.3,0.5,50,18.8,31.3,-0.3,0.00%,-3.54,16.7,,50,3/D9H,,nodary01
429,Jhonkensy Noel,23,CLE,AL,111,0.172,-8,0.183,0.075,1.8,31.5,2.7,89,38.4,12.3,53.4,21.9,1.15,43.8,43.8,12.3,-1.2,-0.80%,-11.32,62.5,,25,9H/7D,,noeljh01
430,Austin Nola,35,COL,NL,22,0.172,-19,0.222,0,0,13.6,0,86.2,47.4,42.1,42.1,10.5,0.8,21.1,52.6,26.3,-0.3,0.00%,-2.81,25,,50,/2,,nolaau01
431,Lars Nootbaar*,27,STL,NL,386,0.316,101,0.265,0.154,3.1,21.5,12.4,91.6,51.6,25.6,35.2,27.6,0.55,32.8,52,15.2,-0.5,-0.40%,-2.98,32.8,50,56.4,*79/8DH,,nootbla01
432,Connor Norby,25,MIA,NL,273,0.307,87,0.313,0.123,2.2,26.7,5.1,88.2,37.4,24.7,40.1,30.8,0.67,30.2,51.6,18.1,-1.1,-0.10%,-6.33,37,77.8,28,*5/HD,,norbyco01
433,Dom Nuñez*,30,CLE,AL,7,0.227,32,0.667,0,0,57.1,0,63.2,0,0,66.7,0,,33.3,33.3,33.3,-0.1,-0.10%,-0.26,100,,0,/2,,nunezdo01
434,Nasim Nuñez#,24,WSN,NL,49,0.261,46,0.242,0.047,0,20.4,10.2,83.8,32.4,20.6,55.9,14.7,1.46,17.6,61.8,20.6,0.5,0.10%,1.04,46.2,87.5,50,6/4H8,,nunezna01
435,Ryan O'Hearn*,31,BAL,AL,336,0.361,136,0.309,0.173,3.6,16.7,11.9,91.1,48.5,24.3,46,24.7,0.85,35.7,49.4,14.9,1.9,0.60%,12.03,24.6,75,30.8,3D9/H7,AS,ohearry01
436,Logan O'Hoppe,25,LAA,AL,313,0.317,98,0.302,0.203,5.8,31.9,4.5,91.8,53.3,23.9,37.6,31.5,0.6,33.5,49.2,17.3,-1.4,-0.70%,-14.25,15.7,66.7,40.9,2/HD,,ohopplo01
437,Tyler O'Neill,30,BAL,AL,129,0.264,63,0.215,0.142,2.3,25.6,8.5,87.4,36.6,13.4,34.1,41.5,0.52,36.6,46.3,17.1,-1.1,-0.30%,-6.15,29,100,62.5,9/DH7,,oneilty01
438,Shohei Ohtani*,30,LAD,NL,460,0.415,170,0.296,0.343,7.8,25.4,13.7,94.9,59.4,18.8,42.4,36.6,0.74,38,50.4,11.6,4.6,3.50%,37.99,43.1,76.5,44.4,*D/1,AS,ohtansh01
439,Matt Olson*,31,ATL,NL,443,0.365,133,0.32,0.208,4.1,23.7,13.3,93.8,54.2,23.5,40.1,28.9,0.67,32.1,46.6,21.3,1.8,0.30%,20.6,26.4,,31.4,*3,AS,olsonma02
440,Jonathan Ornelas,25,TEX,AL,6,0.114,-39,0,0,0,50,16.7,57.8,0,0,50,0,,0,100,0,-0.1,-0.10%,-1.43,0,,,/64,,orneljo01
441,Tirso Ornelas*,25,SDP,NL,16,0.144,-26,0.083,0,0,12.5,12.5,90.5,41.7,8.3,41.7,33.3,0.71,25,66.7,8.3,-0.3,-0.20%,-3.05,0,,,/7H8D,,ornelti01
442,Kaleb Ort,33,HOU,AL,0,,,,,,,,,,,,,,,,,,,,,,,1,,ortka01
443,Joey Ortiz,26,MIL,NL,337,0.264,61,0.239,0.1,2.1,16.3,5.9,84.1,33.7,23.2,40.2,21.2,0.71,22.8,49.8,27.4,-1,-0.70%,-14.31,40.2,75,42.4,*6/H,,ortizjo06
444,Alejandro Osuna*,22,TEX,AL,82,0.233,55,0.2,0.06,1.2,22,14.6,89.6,46,29.4,41.2,19.6,0.72,23.5,62.7,13.7,-0.6,-0.30%,-4.97,26.1,50,75,7/D9H8,,osunaal02
445,James Outman*,28,LAD,NL,41,0.238,43,0.118,0.194,4.9,41.5,9.8,87,36.8,10.5,36.8,36.8,0.58,42.1,47.4,10.5,-0.6,-0.50%,-0.53,71.4,,33.3,8/H9,,outmaja01
446,Tyler Owens,24,DET,AL,0,,,,,,,,,,,,,,,,,,,,,,,/1,,owensty01
447,Marcell Ozuna,34,ATL,NL,394,0.344,118,0.28,0.155,3.3,22.6,16.2,91.1,49.4,21.8,42.4,30.7,0.74,26.9,55.9,17.2,-0.2,0.00%,-1.82,18.6,,37,*D/H,,ozunama01
448,Andy Pages,24,LAD,NL,396,0.35,123,0.319,0.204,4.8,21,4.8,88.8,38.3,28,36.7,31.8,0.58,25.6,57.1,17.3,0.5,0.50%,12.54,26.4,66.7,65.5,*897,,pagesan01
449,Pedro Pagés,26,STL,NL,261,0.257,56,0.257,0.116,2.3,25.3,5.4,87.7,39,22.2,41.7,25.6,0.74,21.7,51.1,27.2,-1.2,-0.80%,-8.78,33.9,,5.6,*2/34,,pagespe02
450,Joshua Palacios*,29,CHW,AL,145,0.277,71,0.258,0.102,2.1,24.8,8.3,86.3,40.2,22.6,45.2,19.4,0.88,39.8,34.4,25.8,-1.2,-0.20%,-11.4,20.5,,12.5,97/HD,,palacjo01
451,Richie Palacios*,28,TBR,AL,4,0.819,422,0.75,0.25,0,0,0,88.6,25,75,25,0,0.33,25,75,0,0.1,0.10%,1.1,33.3,100,0,/79,,palacri01
452,Andre Pallante,26,STL,NL,0,,,,,,,,,,,,,,,,,,,,,,,1,,pallaan01
453,Isaac Paredes,26,HOU,AL,409,0.363,134,0.27,0.211,4.6,16.4,12,87.3,33.5,25.5,31.1,32.5,0.45,43.7,44.4,11.9,0.6,0.40%,12.71,25,0,33.3,*5/DH,AS,paredis01
454,Kyren Paris,23,LAA,AL,140,0.304,82,0.295,0.19,4.3,42.1,7.1,88.9,48.5,17.9,37.3,40.3,0.6,32.8,44.8,22.4,0.6,0.40%,2.1,45.2,87.5,44.4,84/H7D,,parisky01
455,Vinnie Pasquantino*,27,KCR,AL,423,0.327,107,0.288,0.158,3.5,17,6.9,90.4,43.7,22.7,40.4,27.4,0.68,35.3,49.5,15.1,0.5,0.20%,5,19,100,22.9,*3D,,pasquvi01
456,Graham Pauley*,24,MIA,NL,106,0.245,42,0.27,0.063,0,21.7,7.5,85.7,38.7,22.7,40,26.7,0.68,32,50.7,17.3,-0.7,-0.30%,-6.2,25,100,18.2,5/438,,paulegr01
457,Joc Pederson*,33,TEX,AL,146,0.24,52,0.152,0.107,1.4,19.2,13.7,90.5,44.1,17,45.7,25.5,0.84,37.2,46.8,16,-1.5,-1.00%,-15.45,21.6,100,42.9,D/H3,,pederjo01
458,Liover Peguero,24,PIT,NL,11,0.23,34,0.286,0,0,27.3,0,89,57.1,0,71.4,14.3,2.5,42.9,42.9,14.3,-0.3,0.00%,-1.46,0,,,/64,,pegueli01
459,Jeremy Peña,27,HOU,AL,350,0.38,141,0.36,0.167,3.1,15.7,5.7,87.8,41.7,23.8,49.1,21.5,0.98,33.2,49.4,17.4,1.2,1.00%,19.69,30.6,88.2,57.7,*6/DH,AS,penaje02
460,Oswald Peraza,25,NYY,AL,166,0.214,22,0.19,0.091,1.8,27.7,6.6,87.2,39.3,18.5,50.9,19.4,1.08,35.2,53.7,11.1,-1.2,-1.10%,-12.47,43.8,100,50,54/6HD,,perazos02
461,Geraldo Perdomo#,25,ARI,NL,448,0.358,123,0.288,0.146,2.2,11.4,13.2,86.3,32.7,26.8,37.7,24.7,0.64,30.4,48.2,21.4,1.9,0.80%,23.7,28.7,83.3,55,*6/H,,perdoge01
462,Jhonny Pereda,29,ATH,AL,46,0.258,56,0.259,0.05,0,28.3,13,89.2,48.1,22.2,66.7,11.1,2,33.3,48.1,18.5,-0.1,-0.10%,-1.39,23.1,,40,2/1H,,peredjh01
463,Cionel Pérez,29,BAL,AL,0,,,,,,,,,,,,,,,,,,,,,,,1,,perezci01
464,Salvador Perez,35,KCR,AL,402,0.321,103,0.276,0.205,4.2,19.2,4.5,90.7,45.3,26.7,32.3,32.3,0.48,35.1,49.2,15.7,-0.2,-0.70%,2.16,14.9,,23.5,23D,,perezsa02
465,Wenceel Pérez#,25,DET,AL,158,0.336,111,0.276,0.222,4.4,20.9,7,89.9,38.4,20.5,29.5,40.2,0.42,31.3,48.2,20.5,-0.1,0.00%,-1.01,38.1,100,60,9/8H7,,perezwe01
466,Blake Perkins#,28,MIL,NL,14,0.346,109,0.429,0.167,0,35.7,14.3,83,28.6,14.3,42.9,28.6,1,42.9,42.9,14.3,0.1,0.10%,0.63,40,100,100,/8H,,perkibl01
467,Tommy Pham,37,PIT,NL,250,0.311,91,0.319,0.098,1.6,22.8,8.8,91.1,44.6,21.2,52.4,18.8,1.1,28.8,49.4,21.8,-0.6,-0.30%,-4.73,23.7,75,34.8,*7/9HD,,phamth01
468,Kevin Pillar,36,TEX,AL,43,0.214,22,0.257,0.047,0,18.6,0,86.1,20,22.9,42.9,25.7,0.75,37.1,45.7,17.1,-0.4,-0.30%,-2.05,66.7,100,66.7,/8H9D7,,pillake01
469,Jorge Polanco#,31,SEA,AL,309,0.334,125,0.251,0.208,4.9,14.2,7.1,89.8,45.4,22.1,40,25.4,0.69,43.3,44.6,12.1,2.1,1.20%,11.37,24.7,60,16.7,D4/H53,,polanjo01
470,Zach Pop,28,SEA,AL,0,,,,,,,,,,,,,,,,,,,,,,,/1,,popza01
471,Logan Porter,29,SFG,NL,9,0.259,65,0.2,0,0,22.2,11.1,89.4,0,0,60,20,1.5,20,60,20,-0.1,-0.10%,-1.12,66.7,,50,/21,,portelo01
472,Yohel Pozo,28,STL,NL,102,0.36,130,0.313,0.196,3.9,10.8,3.9,87.6,34.5,32.2,33.3,21.8,0.5,31,44.8,24.1,1,0.70%,3.51,26.7,,22.2,2H/3D,,pozoyo01
473,Jurickson Profar#,32,ATL,NL,88,0.322,100,0.262,0.173,3.4,19.3,6.8,86.4,34.9,12.5,42.2,29.7,0.75,40.6,39.1,20.3,0.1,-0.10%,-0.38,43.5,100,62.5,7,,profaju01
474,A.J. Puk*,30,ARI,NL,0,,,,,,,,,,,,,,,,,,,,,,,/1,,pukaj01
475,Edgar Quero#,22,CHW,AL,224,0.312,99,0.316,0.086,0.9,17.4,9.8,90.9,48.1,27.5,51.9,17.5,1.08,20,58.8,21.3,-0.4,0.00%,-2.56,16,0,43.8,2H/D,,queroed01
476,Ceddanne Rafaela,24,BOS,AL,360,0.339,112,0.301,0.199,3.9,18.6,4.4,89.9,46.5,20.1,44.7,26.7,0.82,26.4,56.8,16.8,1.2,0.90%,6.59,43.3,82.4,69,*8/4H,,rafaece01
477,Cal Raleigh#,28,SEA,AL,438,0.41,179,0.247,0.362,8.9,24.7,14.4,92,49.2,19.1,25.2,42.7,0.34,46.9,40.1,13,2.9,1.90%,36.36,23.6,84.6,18.9,*2D/H,AS,raleica01
478,Luke Raley*,30,SEA,AL,166,0.326,119,0.293,0.13,2.4,25.9,9.6,87.9,43.3,20.6,48.5,21.6,1.02,43.3,39.2,17.5,-0.6,-0.40%,1.23,28.3,66.7,47.1,93/HD87,,raleylu01
479,Agustín Ramírez,23,MIA,NL,323,0.32,100,0.264,0.218,4.3,19.5,5.9,91.9,48.1,25.3,46.9,20.7,0.88,29.9,51.9,18.3,-0.7,-0.10%,0.94,36.7,33.3,45.7,D2/H,,ramirag01
480,José Ramírez#,32,CLE,AL,414,0.386,142,0.285,0.234,5.1,10.9,9.9,89.4,39.6,23.2,31.3,32.5,0.45,43.3,44.6,12.1,2.5,1.30%,29.58,30.3,83.3,63.6,*5D,AS,ramirjo01
481,Heliot Ramos,25,SFG,NL,436,0.333,119,0.322,0.161,3.2,23.6,7.8,91.5,46.8,22.6,46.3,26.5,0.86,19.2,62.4,18.5,0.8,0.50%,4.07,28.4,55.6,48.6,*7/DH,,ramoshe02
482,John Rave*,27,KCR,AL,94,0.291,79,0.25,0.16,3.2,24.5,10.6,86.4,41,9.8,52.5,29.5,1.23,29.5,54.1,16.4,-0.2,-0.20%,-0.63,29.2,71.4,0,97/H8D,,ravejo01
483,Colin Rea,34,CHC,NL,1,0,-127,,0,0,100,0,,,,,,,,,,0,0.00%,-0.57,,,,1,,reaco01
484,J.T. Realmuto,34,PHI,NL,340,0.315,92,0.348,0.111,1.5,24.4,6.8,90.2,44.8,26.3,47.8,21.1,0.92,28.9,54.3,16.8,-0.6,-0.40%,-2.6,29.8,75,43.2,*2/D,,realmjt01
485,Rob Refsnyder,34,BOS,AL,132,0.382,143,0.342,0.228,4.5,28,11.4,93.2,53.2,30.4,39.2,22.8,0.65,30.4,55.7,13.9,0.9,0.50%,4.79,31.7,100,44.4,9H7/D,,refsnro01
486,Hunter Renfroe,33,KCR,AL,108,0.216,27,0.228,0.061,0,19.4,7.4,88.5,35.4,13.9,43,25.3,0.76,36.7,48.1,15.2,-0.8,-0.50%,-11.99,19.2,,14.3,9/HD,,renfrhu01
487,Luis Rengifo#,28,LAA,AL,355,0.266,66,0.288,0.081,1.1,18,5.1,87.1,35.1,26.8,52.2,16.5,1.12,26.8,57,16.2,-1.5,-0.70%,-15.04,30.2,25,39.3,54/H9D,,rengilu01
488,Pablo Reyes,31,NYY,AL,34,0.222,23,0.286,0.032,0,29.4,5.9,84.8,33.3,22.7,45.5,13.6,0.91,13.6,54.5,31.8,-0.3,-0.30%,-1.74,50,100,25,H/94517D,,reyespa01
489,Bryan Reynolds#,30,PIT,NL,411,0.296,81,0.305,0.144,2.4,27.5,7.3,91.5,47.9,28.6,46.2,24.8,0.86,36.8,46.2,16.9,-2.6,-0.50%,-9.45,24.5,60,45.5,*9D,,reynobr01
490,Ben Rice*,26,NYY,AL,316,0.344,120,0.253,0.239,4.7,20.3,9.2,93.1,54,23.5,41.3,28.2,0.7,39.4,46.9,13.6,-0.2,-0.20%,0.03,34.1,60,22.5,D32H,,ricebe01
491,Trevor Richards,32,KCR,AL,0,,,,,,,,,,,,,,,,,,,,,,,/1,,richatr01
492,Austin Riley,28,ATL,NL,408,0.335,111,0.356,0.166,3.4,27.7,6.1,92.5,50.9,27.3,34.8,31.5,0.53,28.8,55.8,15.4,-1.4,-0.50%,-1.7,31.4,66.7,33.3,*5,,rileyau01
493,Ryan Ritter,24,COL,NL,113,0.299,74,0.348,0.109,0.9,31,6.2,80.5,30.4,25.7,41.4,21.4,0.83,30,51.4,18.6,-0.3,0.00%,-4.04,38.7,100,83.3,4-Jun,,rittery01
494,Leo Rivas#,27,SEA,AL,73,0.345,123,0.378,0.017,0,20.5,16.4,83.9,17.8,22.2,46.7,24.4,0.91,31.1,51.1,17.8,-0.2,-0.10%,0.58,46.7,100,40,4/H6D17,,rivasle01
495,Emmanuel Rivera,29,BAL,AL,77,0.277,73,0.276,0.043,0,15.6,7.8,87.1,32.8,27.6,46.6,22.4,0.87,15.5,60.3,24.1,-0.7,-0.10%,-5.4,13,100,33.3,5/3HD1,,riverem01
496,Luis Robert Jr.,27,CHW,AL,323,0.3,81,0.267,0.138,3.1,29.1,10.5,89.2,42.3,20.4,38.7,28.3,0.64,33,48.2,18.8,-0.6,-0.20%,-4.97,30.1,80.6,41.7,*8/DH,,roberlu01
497,Will Robertson*,27,2TM,AL,18,0.128,-40,0.2,0,0,61.1,5.6,89.3,60,20,40,0,0.67,60,0,40,-0.3,-0.10%,-2.33,33.3,,100,/798H,,roberwi02
498,Víctor Robles,28,SEA,AL,46,0.281,75,0.316,0.068,0,15.2,0,85.1,18.4,10.5,52.6,31.6,1.11,36.8,47.4,15.8,-0.2,-0.10%,-1.5,23.1,100,0,9,,roblevi01
499,Brayan Rocchio#,24,CLE,AL,162,0.24,47,0.252,0.091,0.6,18.5,4.3,84.5,32.8,25.8,45.8,20.8,0.93,35.8,46.7,17.5,-0.5,-0.40%,-6.9,31.7,33.3,41.7,6/H,,rocchbr01
500,Alan Roden*,25,TOR,AL,111,0.255,56,0.253,0.103,0.9,21.6,6.3,84.9,30.3,14.5,57.9,17.1,1.42,43.4,40.8,15.8,-1,-0.70%,-8.48,36.7,0,50,79/H8,,rodenal01
501,Brendan Rodgers,28,HOU,AL,128,0.264,64,0.294,0.087,1.6,35.9,8.6,90.5,48.6,24.3,40,31.4,0.67,22.9,62.9,14.3,-1,-0.60%,-5.14,31.3,0,25,4/HD,,rodgebr02
502,Endy Rodríguez#,25,PIT,NL,57,0.22,33,0.237,0.077,0,24.6,8.8,92.2,45.9,23.7,34.2,34.2,0.52,42.1,44.7,13.2,-0.5,-0.20%,-5.09,35.7,0,50,3/2H,,rodrien01
503,Johnathan Rodríguez,25,CLE,AL,62,0.235,38,0.205,0.138,1.6,29,6.5,91.8,55,17.5,67.5,12.5,2.08,30,50,20,-0.7,-0.20%,-5.26,33.3,,0,9/H7D,,rodrijo10
504,Julio Rodríguez,24,SEA,AL,452,0.328,116,0.299,0.158,3.1,22.6,6.6,90.9,45.7,17.6,50.6,25.3,1.03,22.4,62.2,15.4,-0.4,-0.10%,2.79,40.2,82.6,54.2,*8/DH,AS,rodriju01
505,Jake Rogers,30,DET,AL,86,0.274,68,0.204,0.139,2.3,25.6,14,88.6,40.4,23.1,38.5,25,0.65,34.6,48.1,17.3,-0.4,-0.20%,-0.29,27.3,,75,2/1H,,rogerja03
506,Trevor Rogers*,27,BAL,AL,2,0,-132,,0,0,100,0,,,,,,,,,,0,0.00%,-0.31,,,,/1,,rogertr01
507,Tyler Rogers,34,SFG,NL,0,,,,,,,,,,,,,,,,,,,,,,,1,,rogerty01
508,Johan Rojas,24,PHI,NL,160,0.271,52,0.295,0.071,0.6,23.8,7.5,82.4,32.7,19.1,45.5,20,1,14.5,61.8,23.6,-0.8,-0.60%,-8.11,48.8,85.7,50,8H/D,,rojasjo03
509,Josh Rojas*,31,CHW,AL,182,0.233,38,0.237,0.067,0.5,25.8,8.2,88.6,35.9,25.8,38.3,32.5,0.63,32.5,49.2,18.3,-1.7,0.00%,-14.68,23.3,80,25,54/7H,,rojasjo01
510,Miguel Rojas,36,LAD,NL,150,0.317,99,0.254,0.173,4,12.7,6.7,86.1,26.7,23.1,41.3,27.3,0.72,27.3,55.4,17.4,-0.6,-0.30%,-6.21,30.8,100,50,456/H13,,rojasmi02
511,Brent Rooker,30,ATH,AL,447,0.368,136,0.318,0.231,4.7,22.6,10.1,91.5,48.3,25.2,38.9,29.2,0.64,31.2,52.7,16.1,0.3,-0.10%,6.5,31.1,75,40.7,*D9/7H,AS,rookebr01
512,Ben Rortvedt*,27,TBR,AL,70,0.163,-12,0.122,0.016,0,20,10,80.2,18.4,14.3,46.9,18.4,0.96,42.9,30.6,26.5,-0.8,-0.40%,-5.87,15.4,,0,2,,rortvbe01
513,Amed Rosario,29,WSN,NL,154,0.33,112,0.288,0.16,3.2,14.3,4.5,90.9,44.3,26,46.3,20.3,0.86,29.3,54.5,16.3,-0.8,-0.10%,-2.13,32.6,100,60,54H/D169,,rosaram01
514,Eddie Rosario*,33,2TM,NL,8,0.113,-46,0.167,0,0,25,0,87.3,66.7,33.3,33.3,33.3,0.5,33.3,50,16.7,-0.3,-0.10%,-1.39,100,,100,/DH9,,rosared01
515,Esteury Ruiz,26,LAD,NL,16,0.322,81,0.333,0.188,6.3,37.5,0,84.9,30,10,60,30,1.5,20,60,20,-0.1,0.00%,-0.14,0,100,,/79H,,ruizes01
516,Keibert Ruiz#,26,WSN,NL,267,0.272,75,0.268,0.071,0.7,9.7,3,86.2,31,23.5,48.7,20.4,0.95,37.4,50.4,12.2,-0.8,-0.10%,-4.69,23.6,0,14.3,2/H,,ruizke01
517,Dalton Rushing*,24,LAD,NL,80,0.279,73,0.385,0.083,1.3,41.3,8.8,91,45,30,25,35,0.33,35,42.5,22.5,-0.2,-0.10%,-1.67,36.4,,40,2/H3D,,rushida01
518,Adley Rutschman#,27,BAL,AL,276,0.304,95,0.247,0.145,2.9,16.3,11.6,89.9,39.4,23.7,40.4,29.3,0.68,34.8,46,19.2,-0.7,-0.20%,-7.28,28.8,,30.3,2D/H,,rutscad01
519,Blake Sabol*,27,BOS,AL,18,0.157,-18,0.2,0.063,0,38.9,5.6,87.8,40,10,70,20,2.33,40,50,10,-0.4,-0.30%,-3.95,66.7,,66.7,/2DH,,sabolbl01
520,Thomas Saggese,23,STL,NL,91,0.273,68,0.313,0.103,1.1,25.3,3.3,90.6,46.2,21.5,44.6,32.3,0.81,23.1,38.5,38.5,-0.2,-0.20%,-1.71,21.7,,18.2,456/HD,,saggeth01
521,César Salazar*,29,HOU,AL,7,0.128,-38,0.167,0,0,14.3,0,81.3,16.7,33.3,33.3,33.3,0.5,16.7,66.7,16.7,0,0.00%,-2.19,0,,,/H2D1,,salazce01
522,Ali Sánchez,28,TOR,AL,11,0.185,2,0.25,0.091,0,27.3,0,81.2,25,12.5,75,0,3,37.5,50,12.5,-0.2,-0.10%,-1.57,0,,,/23H,,sanchal04
523,Gary Sánchez,32,BAL,AL,101,0.31,99,0.267,0.187,5,26.7,4,93.3,57.8,15.4,41.5,30.8,0.71,36.9,52.3,10.8,0.5,0.00%,10.18,32,,38.5,2/D1H,,sanchga02
524,Jesús Sánchez*,27,MIA,NL,312,0.326,100,0.308,0.152,2.6,21.2,8.3,92,45.2,23.7,48.4,21.5,0.94,37.4,47,15.5,0.2,0.00%,-2.52,31.5,81.8,32.1,*9H8/D7,,sanchje02
525,Nick Sandlin,28,TOR,AL,0,,,,,,,,,,,,,,,,,,,,,,,1,,sandlni01
526,Javier Sanoja,22,MIA,NL,204,0.276,73,0.274,0.109,0.5,14.2,6.4,86.5,36.9,28.4,39.5,19.1,0.71,22.8,54.9,22.2,0,0.20%,-6.26,41.1,37.5,55.6,478H5/613D,,sanojja01
527,Carlos Santana#,39,CLE,AL,381,0.306,88,0.255,0.122,2.9,18.6,11.8,88.2,40.1,21.4,40.8,24.8,0.69,43.1,45.4,11.5,-0.1,0.00%,-2.19,28.6,100,37.9,*3D/H,,santaca01
528,Anthony Santander#,30,TOR,AL,209,0.258,55,0.218,0.125,2.9,26.3,11.5,89.9,40.8,23.8,36.9,26.2,0.59,44.6,41.5,13.8,-1.2,-0.90%,-12.49,15.7,,21.4,D9/7H3,,santaan02
529,Nolan Schanuel*,23,LAA,AL,417,0.343,117,0.302,0.125,1.9,11.8,10.8,86.6,28.2,26.3,41.5,25.3,0.73,32.3,51.3,16.5,1.8,0.80%,13.34,27.8,80,34.9,*3,,schanno01
530,Casey Schmitt,26,SFG,NL,151,0.328,114,0.311,0.149,3.3,25.8,8.6,89.3,46.9,28.1,38.5,25,0.64,33.3,43.8,22.9,-0.2,-0.20%,0.86,22.7,,14.3,354/H6D,,schmica01
531,Daniel Schneemann*,28,CLE,AL,253,0.312,91,0.257,0.165,3.6,24.9,10.7,87.3,38.8,19.8,50.6,22.8,1.05,40.1,45.1,14.8,0.3,0.40%,2.61,29.9,87.5,52.9,4H56/897,,schneda04
532,Davis Schneider,26,TOR,AL,100,0.36,133,0.277,0.222,5,29,17,87,36.5,17.3,30.8,38.5,0.44,36.5,55.8,7.7,-0.5,-0.20%,-2.66,31.3,0,77.8,74/H,,schneda03
533,John Schreiber,31,KCR,AL,0,,,,,,,,,,,,,,,,,,,,,,,1,,schrejo01
534,Max Schuemann,28,ATH,AL,120,0.327,101,0.284,0.109,1.7,15.8,13.3,84.8,28.9,20.5,39.8,27.7,0.69,16.9,50.6,32.5,0.3,0.00%,-1.24,29.3,85.7,61.5,5H46/879D,,schuema01
535,Aaron Schunk,27,COL,NL,29,0.206,7,0.3,0.036,0,27.6,0,83.2,23.8,38.1,19,28.6,0.25,4.8,71.4,23.8,-0.5,0.00%,-5.94,16.7,,0,/65H4D,,schunaa01
536,Kyle Schwarber*,32,PHI,NL,447,0.401,153,0.271,0.31,7.4,26.8,15.2,94.3,59.4,21.9,35.9,35.5,0.56,45,43.8,11.2,2,1.00%,25.94,28.1,81.8,31.6,*D/7,AS,schwaky01
537,Tanner Scott,30,LAD,NL,0,,,,,,,,,,,,,,,,,,,,,,,1,,scottta01
538,Victor Scott II*,24,STL,NL,342,0.306,81,0.312,0.094,1.5,26,8.8,81.3,27.2,25.1,37.2,24.7,0.69,33,50.7,16.3,-0.2,-0.30%,1.69,37.3,92.6,60,*8/97,,scottvi01
539,Connor Seabold,29,TBR,AL,0,,,,,,,,,,,,,,,,,,,,,,,/1,,seaboco01
540,Corey Seager*,31,TEX,AL,305,0.366,146,0.305,0.215,4.6,20.3,12.5,93.5,55.7,20.4,46.8,30.3,0.88,30.8,52.2,16.9,0.7,0.40%,14.42,26.3,100,30.6,6/D,,seageco01
541,Anthony Seigler#,26,MIL,NL,19,0.153,3,0.176,0,0,5.3,5.3,84.5,35.3,23.5,52.9,17.6,1.29,35.3,52.9,11.8,-0.1,-0.10%,-0.35,0,0,100,/5HD,,seiglan01
542,Marcus Semien,34,TEX,AL,421,0.306,99,0.254,0.141,3.1,19,10,88.5,36.6,23,33.4,33.4,0.5,30.4,56.8,12.8,0.1,-0.20%,1.9,30.8,88.9,58.1,*4,,semiema01
543,Hayden Senger,28,NYM,NL,49,0.183,9,0.25,0.022,0,28.6,4.1,84.8,36.4,30.3,39.4,18.2,0.72,15.2,54.5,30.3,-0.6,-0.50%,-6.81,50,,50,2/H,,sengeha01
544,Matt Shaw,23,CHC,NL,247,0.282,75,0.259,0.104,1.6,18.6,8.5,83,27.7,24.7,42.7,22.5,0.76,25.3,48.9,25.8,-0.8,-0.70%,-9.69,39.7,86.7,68.2,5/H4,,shawma01
545,Gavin Sheets*,29,SDP,NL,370,0.33,108,0.286,0.176,3.8,19.5,7.8,91.2,50.4,31.2,36.1,24.1,0.56,36.8,48.9,14.3,0.6,0.30%,-1.71,22.1,50,38.7,D73H,,sheetga01
546,Zack Short,30,HOU,AL,34,0.297,85,0.353,0.161,2.9,38.2,5.9,84.5,33.3,27.8,27.8,33.3,0.38,11.1,72.2,16.7,0.2,0.20%,-0.33,44.4,,75,6/HD,,shortza01
547,Michael Siani*,25,STL,NL,19,0.264,61,0.4,0,0,36.8,10.5,74.5,22.2,30,40,10,0.8,30,60,10,0,0.00%,-0.82,66.7,,60,8/H,,sianimi01
548,Ronny Simón#,25,MIA,NL,56,0.295,80,0.268,0.043,0,12.5,12.5,85.5,33.3,16.7,50,16.7,1.11,31,57.1,11.9,-0.2,-0.10%,-1.02,33.3,,50,/47D6H,,simonro01
549,Chandler Simpson*,24,TBR,AL,222,0.322,90,0.33,0.044,0,9,5,81,17.6,30.2,55,7.4,1.37,28.6,58.7,12.7,0.4,0.10%,-0.01,35.6,83.3,57.1,87/H9D,,simpsch01
550,Jose Siri,29,NYM,NL,24,0.189,1,0.083,0.05,0,33.3,16.7,81.1,16.7,8.3,25,58.3,0.33,0,58.3,41.7,0,0.00%,-1.86,100,100,50,/8H,,sirijo01
551,Austin Slater,32,CHW,AL,122,0.318,102,0.306,0.182,3.3,27.9,9,91.4,50,24.7,45.5,27.3,0.88,33.8,54.5,11.7,-0.3,-0.10%,-2.58,39.4,,40,H79/D38,,slateau01
552,Cam Smith,22,HOU,AL,348,0.326,105,0.363,0.133,2,27.9,8,88.7,43.8,29.7,46.6,21,0.87,25.6,53,21.5,1,0.80%,10.08,29.4,83.3,48.8,*9,,smithca07
553,Dominic Smith*,30,SFG,NL,101,0.316,104,0.294,0.136,2,19.8,8.9,88,32.9,24.3,37.1,31.4,0.59,32.9,55.7,11.4,-0.5,-0.30%,-2.72,25.8,100,10,3/H9,,smithdo02
554,Josh Smith*,27,TEX,AL,356,0.346,130,0.315,0.137,2.2,16,9.6,87,32.7,25.7,41,23.4,0.71,28,52.1,19.9,-0.2,-0.20%,1.09,35,75,55.9,653/DH4789,,smithjo11
555,Pavin Smith*,29,ARI,NL,264,0.359,128,0.379,0.185,3,31.8,15.2,90,45.7,26.4,44.3,25,0.79,36.4,42.9,20.7,0.2,0.00%,5.37,27.8,50,47.8,D3H,,smithpa04
556,Will Smith,30,LAD,NL,319,0.414,171,0.362,0.226,4.4,17.9,14.4,91.3,46.5,23.9,32.9,38,0.49,21.6,57.3,21.1,2.2,1.50%,24.98,30.6,40,33.3,*2/H,AS,smithwi05
557,Tyler Soderstrom*,23,ATH,AL,413,0.337,113,0.3,0.192,4.4,23.2,9,90.9,48,22.9,46.2,26.2,0.86,31.6,50.9,17.5,0.9,0.40%,1.12,27.7,75,41.2,73/HD,,soderty01
558,Nick Sogard#,27,BOS,AL,65,0.293,82,0.319,0.085,0,18.5,4.6,87.8,36.2,23.4,44.7,29.8,0.81,42.6,42.6,14.9,-0.6,-0.40%,-4.91,47.6,,33.3,3/546H,,sogarni01
559,Nick Solak,30,PIT,NL,11,0.073,-78,0.111,0,0,18.2,0,82.6,33.3,11.1,66.7,22.2,2,0,77.8,22.2,-0.1,0.00%,-1.4,0,,,/347H,,solakni01
560,Donovan Solano,37,SEA,AL,161,0.282,87,0.284,0.095,1.9,19.3,5,87.3,37,25.2,47.9,20.2,0.92,22.7,58.8,18.5,-1.3,-0.90%,-9.13,13.6,,37.5,3H/5,,solando01
561,Jorge Soler,33,LAA,AL,314,0.305,89,0.273,0.173,3.8,29.6,8.9,89.7,42,23.9,43.6,22.3,0.77,37.8,48.9,13.3,0.3,0.20%,-2.39,23.8,,33.3,9D/H,,solerjo01
562,Edmundo Sosa,29,PHI,NL,152,0.324,99,0.333,0.137,2,21.1,5.3,86.4,35.8,26.6,45.9,22.9,0.86,28.4,53.2,18.3,0.3,0.10%,5.29,26.7,,33.3,45H/678D,,sosaed01
563,Lenyn Sosa,25,CHW,AL,319,0.304,91,0.323,0.143,2.8,23.5,2.8,90.3,42,32.2,28.8,28.8,0.41,23.2,57.1,19.7,-1.3,-0.30%,-4.59,24.1,66.7,75,*43/DH5,,sosale01
564,Juan Soto*,26,NYM,NL,444,0.4,162,0.265,0.244,5.4,18.7,18.5,93.9,56,22.7,45,26.3,0.83,33.8,51.8,14.4,2.4,1.70%,24.68,32,92.9,47.8,*9/D,,sotoju01
565,Bennett Sousa*,30,HOU,AL,0,,,,,,,,,,,,,,,,,,,,,,,1,,sousabe01
566,George Springer,35,TOR,AL,378,0.384,142,0.309,0.22,4.5,19,12.7,90.1,47,24.8,39.2,29.2,0.64,28.4,54.8,16.8,2.5,2.00%,21.21,33.6,100,42.6,D98/H7,,springe01
567,Jacob Stallings,35,2TM,2LG,122,0.174,-10,0.205,0.036,0,32,4.9,84.8,27,20.3,45.9,27,0.87,29.7,52.7,17.6,-0.9,-0.30%,-14.8,16.7,,0,2/H1,,stallja01
568,Giancarlo Stanton,35,NYY,AL,97,0.373,141,0.346,0.212,5.2,28.9,11.3,94.5,54.4,24.6,31.6,31.6,0.46,31.6,50.9,17.5,0.2,0.20%,4.28,20,,12.5,D/H,,stantmi03
569,Spencer Steer,27,CIN,NL,372,0.31,85,0.297,0.146,3,23.1,6.7,86.3,29.7,28,36.2,24.5,0.57,31.1,54.1,14.8,-0.2,-0.30%,-4.87,29.4,85.7,31.4,*3D/7H9,,steersp01
570,Michael Stefanic,29,TOR,AL,25,0.221,28,0.211,0,0,12,12,90.7,42.1,21.1,47.4,21.1,0.9,31.6,57.9,10.5,-0.4,-0.20%,-2.87,14.3,,0,/4H16,,stefami01
571,Tyler Stephenson,28,CIN,NL,234,0.315,91,0.342,0.16,3,35,10.7,91.4,51.6,26,34.6,36.2,0.53,29.9,48,22,-1.3,-0.70%,-2.99,27.3,0,26.9,2D/H,,stephty01
572,Chad Stevens,26,LAA,AL,14,0.1,-43,0.333,0,0,50,0,74.4,14.3,0,71.4,14.3,5,42.9,57.1,0,-0.2,-0.10%,-2.27,50,0,100,/45,,stevech02
573,Cal Stevenson*,28,PHI,NL,8,0.214,21,0.333,0,0,25,0,86.8,16.7,16.7,50,33.3,1,33.3,33.3,33.3,0,0.00%,-1.31,0,,,/8H,,steveca01
574,Trevor Story,32,BOS,AL,403,0.315,90,0.32,0.153,3.7,27.8,4.7,90.9,47.8,19.3,44.6,27.1,0.81,26,55,19,-0.2,-0.20%,5.67,35,100,61.5,*6/HD,,storytr01
575,Bryson Stott*,27,PHI,NL,358,0.29,71,0.261,0.097,1.7,16.5,9.2,86.2,28.3,22.6,40,29.8,0.68,25.3,55.1,19.6,-0.2,-0.30%,-2.49,31.7,82.4,30,*4/H,,stottbr01
576,Kyle Stowers*,27,MIA,NL,367,0.397,152,0.365,0.27,6,28.1,10.1,91.1,53.6,25.6,38.1,30.9,0.62,38.1,44.8,17,1.8,0.50%,18.48,23.7,80,38.9,*798H/D,AS,stoweky01
577,Myles Straw,30,TOR,AL,197,0.281,66,0.282,0.067,0.5,14.7,5.6,84.8,26.9,23.7,38.5,26.9,0.69,20.5,55.8,23.7,-0.5,-0.30%,-6.55,53.7,87.5,53.6,*8H7/49,,strawmy01
578,Eugenio Suárez,33,ARI,NL,412,0.399,155,0.251,0.344,8.7,26.2,6.8,91.3,51.7,19.8,30.4,40.3,0.44,36.9,50.6,12.5,2.8,1.30%,24.75,28.6,100,34.3,*5/DH,AS,suareeu01
579,Brett Sullivan*,31,PIT,NL,9,0.259,54,0.25,0,0,33.3,11.1,98,100,25,25,50,0.33,50,50,0,0,0.00%,0.58,33.3,,100,/2,,sullibr01
580,Jack Suwinski*,26,PIT,NL,68,0.197,2,0.179,0.068,1.5,44.1,13.2,86.6,37.9,27.6,31,41.4,0.45,34.5,41.4,24.1,-1,-0.30%,-9.29,28.6,83.3,66.7,7/89HD,,suwinja01
581,Seiya Suzuki,30,CHC,NL,427,0.366,141,0.291,0.279,6.1,26.2,8.2,92.1,50,28.6,28.2,35.4,0.39,31.1,52.9,16.1,0.2,0.20%,22.34,25.7,60,36,D97/8,,suzukse01
582,Dansby Swanson,31,CHC,NL,420,0.321,109,0.313,0.168,3.8,26.7,6.9,90.3,49.1,22.9,42.7,27.2,0.75,30.1,55.2,14.7,-1.3,-1.00%,-8.63,38.7,72.7,37.5,*6,,swansda01
583,Trey Sweeney*,25,DET,AL,257,0.262,59,0.265,0.096,1.9,26.1,8.9,88.2,35.8,19.8,48.5,24.6,0.94,34.1,55.7,10.2,-0.6,-0.30%,-6.67,34.8,75,43.8,*6H,,sweentr01
584,Fernando Tatis Jr.,26,SDP,NL,434,0.368,128,0.293,0.176,3.7,18.2,12.7,92.9,50.9,21.6,49,23.6,0.96,23.6,59.8,16.6,2.3,1.60%,21.02,36.2,88,42.6,*9/D,AS,tatisfe02
585,Mike Tauchman*,34,CHW,AL,202,0.368,139,0.366,0.171,2.5,23.8,11.9,89.9,45.7,30.5,35.9,27.3,0.56,43,42.2,14.8,1.2,0.10%,13.82,28.2,,25,9D/H,,tauchmi01
586,Leody Taveras#,26,2TM,AL,180,0.238,49,0.269,0.099,1.7,27.8,2.8,85,35.2,24.8,30.4,24.8,0.48,20,57.6,22.4,-0.7,-0.50%,-13.24,27,75,45.5,89/H,,taverle01
587,Tim Tawa,26,ARI,NL,173,0.282,69,0.238,0.155,3.5,27.2,7.5,87.9,43.2,16.1,49.1,28.6,1,33.9,50,16.1,-1.6,-0.70%,-12.82,38.5,77.8,50,48H3/759,,tawati01
588,Chris Taylor,34,2TM,2LG,70,0.242,48,0.308,0.121,1.4,37.1,1.4,82.8,30,27.5,32.5,27.5,0.5,25,60,15,-0.1,-0.10%,-4.36,56.3,50,70,7/8H49,,tayloch03
589,Michael A. Taylor,34,CHW,AL,208,0.293,83,0.324,0.172,2.4,34.6,8.7,88.5,49.1,26.5,29.9,31.6,0.47,28.2,51.3,20.5,-1.1,-0.20%,-1.23,32.7,70,64.3,*978H/D,,taylomi02
590,Samad Taylor,26,SEA,AL,9,0.099,-66,0.143,0,0,11.1,0,68,12.5,25,37.5,12.5,1,25,25,50,-0.1,-0.10%,-1.69,100,,100,/98H,,taylosa04
591,Tyrone Taylor,31,NYM,NL,280,0.268,66,0.272,0.098,0.7,23.2,3.9,85.7,34.7,29.7,31.3,24.6,0.46,31.3,52.3,16.4,-0.5,-0.40%,-13.83,32.4,90.9,63.6,*8/H79,,tayloty01
592,Kyle Teel*,23,CHW,AL,96,0.308,96,0.373,0.064,0,29.2,14.6,88.9,42.3,26.9,34.6,34.6,0.55,32.7,53.8,13.5,0.3,0.00%,-0.53,34.3,50,41.2,2/D7H,,teelky01
593,Rowdy Tellez*,30,2TM,AL,195,0.294,94,0.217,0.231,6.2,26.7,4.6,91.5,48.5,22.7,37.1,31.8,0.59,33.3,47,19.7,-0.5,-0.20%,-1.77,24.3,100,0,3H/D,,tellero01
594,José Tena*,24,WSN,NL,154,0.306,96,0.324,0.117,0,21.4,9.7,89.1,42.2,26.7,58.1,13.3,1.45,28.6,49.5,21.9,-0.4,-0.20%,-1.05,36,66.7,25,5/H4,,tenajo01
595,Matt Thaiss*,30,2TM,AL,178,0.304,93,0.301,0.069,0.6,23.6,16.3,87.6,43.3,22.9,41.9,24.8,0.75,37.1,49.5,13.3,0.1,-0.10%,4.32,24.2,50,50,2/H3D,,thaisma01
596,Alek Thomas*,25,ARI,NL,292,0.297,82,0.324,0.119,1.7,26.4,5.1,89.6,40.7,20.4,54.6,19.9,1.24,37.8,49,13.3,-0.6,-0.20%,-7.46,35,71.4,60,*8/HD,,thomaal01
597,Colby Thomas,24,ATH,AL,15,0.142,-29,0.286,0.067,0,53.3,0,84.4,42.9,14.3,71.4,0,2.5,57.1,14.3,28.6,-0.3,0.00%,-2.92,50,,,/7H9D,,thomaco03
598,Lane Thomas,29,CLE,AL,142,0.243,42,0.203,0.112,2.8,31,9.9,87.8,31.3,18.1,36.1,25.3,0.57,26.5,53,20.5,-1.3,-0.70%,-10.44,19.4,80,20,8/H9D,,thomala02
599,Rhylan Thomas*,25,SEA,AL,10,0.283,88,0.111,0.125,0,0,10,83.7,33.3,0,55.6,44.4,1.25,22.2,44.4,33.3,0,0.00%,0.11,100,,50,/97,,thomarh01
600,Ryan Thompson,33,ARI,NL,0,,,,,,,,,,,,,,,,,,,,,,,1,,thompry02
601,Trent Thornton,31,SEA,AL,0,,,,,,,,,,,,,,,,,,,,,,,1,,thorntr01
602,Michael Toglia#,26,COL,NL,320,0.279,60,0.296,0.162,3.1,38.4,8.4,89.9,44,29,36.7,28.4,0.58,31.4,51.5,17.2,-1.4,-0.30%,-14.5,14.7,100,41.7,*3/DH,,toglimi01
603,Tyler Tolbert,27,KCR,AL,16,0.32,27,0.3,0,0,31.3,0,90.7,50,50,30,20,0.43,10,70,20,-0.1,0.00%,-1.76,100,90,66.7,H/8749D56,,tolbety01
604,Spencer Torkelson,25,DET,AL,403,0.348,124,0.264,0.248,5.2,23.8,11.4,90.4,45.2,22.2,29.4,37.7,0.42,32.9,51.6,15.5,1.1,0.80%,11.23,30.2,50,52.8,*3D/H,,torkesp01
605,Abraham Toro#,28,BOS,AL,206,0.343,117,0.303,0.143,2.4,15,5.8,86.6,33.1,21.3,42.5,26.9,0.74,31.3,50,18.8,0.4,-0.20%,6.59,32.3,100,23.8,35/H1,,toroab01
606,Luis Torrens,29,NYM,NL,204,0.279,79,0.283,0.097,1,22.5,8.3,91.8,54.3,29.3,47.9,20.7,0.92,22.9,57.9,19.3,-0.6,-0.50%,-4.81,12.3,,44.4,2/HD3,,torrelu01
607,Gleyber Torres,28,DET,AL,381,0.368,136,0.312,0.138,2.4,13.4,14.2,90.1,39.9,25.7,37.1,32,0.59,21.3,56.3,22.4,1.2,0.60%,19.14,30.7,80,48.9,*4D/H,AS,torregl01
608,Ezequiel Tovar,23,COL,NL,154,0.32,94,0.324,0.161,2.6,22.1,4.5,88.8,43.8,37.5,33,21.4,0.51,23.2,60.7,16.1,-1,-0.30%,-4.85,31,50,83.3,6,,tovarez01
609,Taylor Trammell*,27,HOU,AL,51,0.317,100,0.269,0.209,3.9,31.4,13.7,94.9,50,28.6,46.4,21.4,0.87,39.3,50,10.7,0.3,0.30%,0.93,35.7,,60,78/H,,trammta01
610,Alan Trejo,29,COL,NL,43,0.184,-8,0.206,0.05,0,16.3,2.3,86.3,28.6,11.4,40,45.7,0.7,28.6,62.9,8.6,-0.7,0.00%,-7.45,37.5,,100,1-Jun,,trejoal01
611,Jose Trevino,32,CIN,NL,195,0.324,96,0.284,0.161,2.1,11.8,6.2,87.4,40.9,21.3,49.4,21.3,1,34.4,50.6,15,-0.8,-0.40%,-5.06,32.1,,31.6,2/D1H,,trevijo01
612,Jared Triolo,27,PIT,NL,160,0.253,46,0.176,0.108,1.9,18.1,10.6,86.9,37.2,22.1,35.4,32.7,0.58,24.8,55.8,19.5,-0.8,-0.30%,-9.94,24.3,83.3,22.2,3645/HD,,triolja01
613,Chadwick Tromp,30,2TM,2LG,22,0.262,63,0.143,0.19,4.5,27.3,4.5,90.2,42.9,20,40,20,0.67,26.7,53.3,20,-0.4,-0.10%,-3.21,33.3,,0,/2,,trompch01
614,Mike Trout,33,LAA,AL,324,0.349,121,0.284,0.223,5.2,28.1,15.4,91.4,51.1,29.1,34.1,30.7,0.52,23.5,52,24.6,0.4,0.10%,12.41,22,100,52,D9/H,,troutmi01
615,Kyle Tucker*,28,CHC,NL,443,0.391,152,0.286,0.218,4.1,14,14.7,90.3,42.3,27.2,31.1,34,0.45,37.5,46.5,16,3,2.10%,31.91,35.1,95.8,39.5,*9D/H,AS,tuckeky01
616,Brice Turang*,25,MIL,NL,410,0.326,106,0.344,0.091,1.5,21.7,9.8,89.1,45.2,27.1,47.5,22.1,0.94,23.6,55,21.4,-0.8,-0.30%,5.91,40,69.2,51.1,*4/H,,turanbr02
617,Justin Turner,40,CHC,NL,141,0.283,79,0.238,0.082,1.4,16.3,9.9,88.5,30.1,25.2,38.8,29.1,0.63,24.3,53.4,22.3,-0.1,-0.20%,-2.87,20.5,100,44.4,3HD/5,,turneju01
618,Trea Turner,32,PHI,NL,444,0.352,114,0.327,0.138,2.5,16.4,7.2,89.4,41.5,23.9,46,25.1,0.85,27.5,55.5,17,0.8,0.60%,5.38,38,80.6,51.4,*6/H,,turnetr01
619,Luis Urías,28,ATH,AL,269,0.312,94,0.25,0.12,2.6,13.8,10,86.7,31.2,21.1,43.2,25.1,0.76,28.1,58.3,13.6,0.6,0.50%,-5.06,19.2,100,30,4/5H,,uriaslu01
620,Ramón Urías,31,BAL,AL,266,0.295,86,0.288,0.122,2.3,21.1,6.8,88.9,38.8,24.7,43.2,23.7,0.76,29.5,52.1,18.4,-0.1,0.10%,-6.1,26,100,41.2,5/H3D4,,uriasra01
621,Gio Urshela,33,ATH,AL,140,0.275,68,0.284,0.102,0,18.6,7.1,86.8,34.6,29.8,43.3,21.2,0.79,22.1,62.5,15.4,-0.3,-0.10%,-5.63,15.4,,14.3,5/3DH,,urshegi01
622,Enmanuel Valdéz*,26,PIT,NL,102,0.293,78,0.233,0.154,2,15.7,10.8,89.8,42.7,28,34.7,25.3,0.53,40,48,12,-0.8,-0.30%,-2.22,17.9,,37.5,3/4H9,,valdeen01
623,Ildemaro Vargas#,33,ARI,NL,29,0.338,111,0.35,0.179,3.4,24.1,0,88.9,47.6,19,47.6,19,1,33.3,47.6,19,0,0.00%,0.14,50,,100,/45H6D,,vargail01
624,Miguel Vargas,25,CHW,AL,404,0.311,95,0.24,0.182,3,17.1,9.7,90,41.9,25.1,26.8,36.4,0.37,30.6,52.2,17.2,-0.7,-0.40%,0.53,35.1,100,60,53/DH,,vargami01
625,Daulton Varsho*,28,TOR,AL,100,0.316,96,0.196,0.337,8,31,5,88.5,40.6,21.9,28.1,35.9,0.4,35.9,46.9,17.2,0.7,0.40%,2.12,37.5,100,50,8/DH,,varshda01
626,Andrew Vaughn,27,2TM,2LG,231,0.258,58,0.226,0.144,3,20.3,5.6,91.6,48,23.4,41.5,28.7,0.71,25.1,54.4,20.5,0,0.90%,-8.68,12,,22.2,3D/H,,vaughan01
627,Christian Vázquez,34,MIN,AL,173,0.25,49,0.22,0.082,1.2,17.3,7.5,85.7,27.9,28.7,35.7,25.6,0.55,27.1,56.6,16.3,-1.1,-0.60%,-10.77,19,0,50,2/H,,vazquch01
628,Luis Vázquez,25,BAL,AL,13,0.069,-78,0.1,0,0,23.1,0,88.2,60,30,50,10,1.25,10,80,10,0,0.00%,-1.78,100,,,/61H5D,,vazqulu01
629,Zac Veen*,23,COL,NL,37,0.183,-1,0.158,0.118,2.7,37.8,5.4,85.9,30,10,40,35,0.8,35,50,15,-0.3,-0.10%,-4.48,0,50,0,/79H,,veenza01
630,Alex Verdugo*,29,ATL,NL,213,0.27,64,0.283,0.051,0,14.6,6.6,89.9,43,30.1,44.6,19.9,0.8,28.9,53,18.1,-0.6,-0.20%,-9.02,33.3,100,50,7/H,,verdual01
631,Mark Vientos,25,NYM,NL,273,0.284,83,0.276,0.127,2.2,24.2,6.6,90.7,46.5,25.7,41.7,26.2,0.72,21.9,59.4,18.7,-0.7,-0.40%,-8.03,22.9,,43.8,5D/H3,,vientma01
632,Matt Vierling,28,DET,AL,60,0.264,55,0.256,0.02,0,20,11.7,91.8,43.6,12.8,33.3,48.7,0.5,17.9,48.7,33.3,0.1,0.10%,-1.37,10.5,100,20,8/7H59D,,vierlma01
633,Ryan Vilade,26,2TM,NL,15,0.153,-17,0.125,0,0,33.3,13.3,96.6,75,12.5,75,12.5,3,0,87.5,12.5,-0.2,-0.10%,-1.49,33.3,,100,/97HD,,viladry01
634,David Villar,28,SFG,NL,25,0.295,91,0.267,0.05,0,20,16,81.6,26.7,26.7,53.3,13.3,1.14,20,40,40,0,0.00%,-2.04,44.4,,33.3,/3H5D,,villada01
635,Jorbit Vivas*,24,NYY,AL,64,0.249,49,0.2,0.093,1.6,20.3,7.8,86,36.6,29.3,39,19.5,0.64,31.7,58.5,9.8,0,0.00%,-2.77,31.3,,0,45/H,,vivasjo01
636,Anthony Volpe,24,NYY,AL,403,0.29,82,0.248,0.179,3,23.3,8.7,88.9,43.2,19.2,43.5,31,0.78,22.1,54.6,23.2,-1.9,-1.60%,-10.6,29.4,58.8,33.3,*6/H,,volpean01
637,LaMonte Wade Jr.*,31,2TM,2LG,232,0.255,58,0.228,0.09,0.9,23.3,11.2,88.9,31.5,25.5,29.5,34.2,0.43,33.6,50.3,16.1,-1.4,-0.80%,-6.76,25.8,100,27.8,39H/D7,,wadela01
638,Tyler Wade*,30,SDP,NL,125,0.267,66,0.297,0.048,0,24.8,12,79.5,15.4,21.8,43.6,20.5,0.94,28.2,51.3,20.5,-0.2,-0.20%,-3.88,34.2,33.3,50,8H7/459D61,,wadety01
639,Eric Wagaman,27,MIA,NL,360,0.284,71,0.277,0.111,1.4,18.9,6.1,90.5,44.6,25.3,45.7,22.7,0.84,26,55.8,18.2,-2.6,-1.00%,-16.57,29.2,75,37.5,*37/DH59,,wagamer01
640,Will Wagner*,26,TOR,AL,109,0.325,102,0.329,0.075,0,21.1,11.9,86.2,40.8,26.8,47.9,16.9,0.97,26.8,57.7,15.5,0.2,0.20%,2.54,31.6,100,40,5/3DH,,wagnewi01
641,Christian Walker,34,HOU,AL,401,0.3,87,0.294,0.148,3.2,26.9,6.2,90.6,45.6,24.1,39.1,28.7,0.64,29.1,55.2,15.7,-0.6,-0.50%,-4.22,24.8,100,42.9,*3,,walkech02
642,Jordan Walker,23,STL,NL,212,0.275,71,0.325,0.092,1.4,32.1,6.1,91.8,48.1,21.7,47.3,21.7,0.9,22.5,58.1,19.4,-0.7,-0.60%,-4.27,35.7,60,38.9,9/H,,walkejo02
643,Ryan Walker,29,SFG,NL,0,,,,,,,,,,,,,,,,,,,,,,,1,,walkery01
644,Matt Wallner*,27,MIN,AL,218,0.334,112,0.252,0.249,5,29.4,11.5,92.3,49.6,19.8,35.7,30.2,0.56,49.2,37.3,13.5,-1.1,-0.60%,-2.13,22.8,0,41.7,9D/H,,wallnma01
645,Taylor Walls#,28,TBR,AL,270,0.257,57,0.257,0.079,1.1,20.4,8.9,84.2,25.3,21.5,38.2,31.4,0.66,27.7,52.9,19.4,0.2,0.10%,-3.97,37.5,66.7,56,*6/H45D,,wallsta01
646,Taylor Ward,31,LAA,AL,430,0.34,115,0.261,0.257,5.3,26.7,9.5,90.3,41.9,21,34.2,35.7,0.52,24.3,52.9,22.8,0.6,0.10%,11.78,30.6,66.7,36.8,*7/D,,wardta01
647,Drew Waters#,26,KCR,AL,219,0.282,76,0.338,0.073,0.5,27.4,5,86,29.2,24,47.3,25.3,0.9,35.2,49,15.9,-0.7,-0.20%,-9.96,32.3,62.5,27.3,789/HD,,waterdr01
648,Austin Wells*,25,NYY,AL,305,0.302,88,0.233,0.216,4.6,24.3,6.2,90.8,48.3,22.7,33.3,33.3,0.5,34.8,47.3,17.9,-0.3,-0.30%,-1.6,24.6,75,47.4,*2/HD,,wellsau01
649,Jordan Westburg,26,BAL,AL,200,0.335,120,0.297,0.203,5,24.5,5,90.5,44.2,18.1,44.2,28.3,0.79,21.7,57.2,21,-0.3,-0.20%,4.46,43.1,33.3,59.3,5D4,,westbjo01
650,Shay Whitcomb,26,HOU,AL,23,0.166,-10,0.071,0.13,4.3,34.8,0,85.1,20,20,46.7,20,0.88,46.7,40,13.3,-0.2,-0.10%,-3.1,200,,100,/4H5D7,,whitcsh01
651,Eli White,31,ATL,NL,190,0.303,85,0.293,0.14,2.1,22.1,4.7,84.8,35.8,25.4,46.4,21,0.91,27.5,47.8,24.6,-1.6,-0.70%,-4.95,46.9,85.7,50,79H/8D,,whiteel04
652,Luke Williams,28,ATL,NL,19,0.191,-18,0.167,0.056,0,31.6,0,81,8.3,25,50,16.7,1,16.7,58.3,25,-0.1,0.00%,-2.49,100,100,0,6H/1D5,,willilu01
653,Ben Williamson,24,SEA,AL,268,0.27,77,0.335,0.059,0.4,23.1,4.1,87.7,40.6,20.6,56.7,19.1,1.34,15.5,55.2,29.4,-0.9,-0.60%,-8.24,44.7,75,36.4,*5/H,,willibe03
654,Bryse Wilson,27,CHW,AL,0,,,,,,,,,,,,,,,,,,,,,,,1,,wilsobr02
655,Jacob Wilson,23,ATH,AL,388,0.36,130,0.322,0.13,2.6,7.7,5.2,84.7,25,24.9,52.7,16.8,1.14,24.9,52.7,22.5,1.5,1.10%,11.36,28.1,71.4,40,*6,AS,wilsoja05
656,Weston Wilson,30,PHI,NL,42,0.299,81,0.273,0.083,2.4,31,14.3,87.1,34.8,34.8,30.4,26.1,0.44,39.1,39.1,21.7,-0.2,-0.10%,0.42,16.7,,66.7,7/H13D,,wilsowe01
657,Will Wilson,26,CLE,AL,82,0.23,28,0.324,0.058,0,39,8.5,80.3,35.7,19,28.6,26.2,0.48,19,57.1,23.8,-0.5,-0.20%,-5.57,30,100,28.6,45/H1D,,wilsowi03
658,Jesse Winker*,31,NYM,NL,81,0.306,96,0.3,0.171,1.2,25.9,11.1,89.5,45.1,21.6,37.3,19.6,0.59,47.1,41.2,11.8,-0.4,-0.30%,-3.35,29.2,100,25,D/H7,,winkeje01
659,Jack Winkler,26,MIA,NL,11,0.105,-71,0.143,0,0,36.4,0,88.3,28.6,14.3,57.1,28.6,1.33,42.9,42.9,14.3,-0.2,0.00%,-2.03,100,100,,/34H6,,winklja01
660,Masyn Winn,23,STL,NL,379,0.313,99,0.313,0.118,1.8,17.4,7.1,87.6,36.4,25.8,36.4,25.8,0.59,28.3,49.5,22.3,-1.3,-0.80%,-1.97,43.1,54.5,60.5,*6/H,,winnma01
661,Brett Wisely*,26,SFG,NL,45,0.283,86,0.25,0.15,2.2,15.6,6.7,83.7,28.6,25.7,22.9,28.6,0.32,31.4,51.4,17.1,-0.2,-0.10%,-0.71,36.4,50,50,4/5H6D,,wiselbr01
662,Bobby Witt Jr.,25,KCR,AL,443,0.361,128,0.328,0.201,3.2,19,7,93.4,49.8,29.2,35.7,26.8,0.56,23.1,54.2,22.8,2.1,0.90%,21.58,33.8,79.4,51.7,*6/D,AS,wittbo02
663,Connor Wong,29,BOS,AL,101,0.188,6,0.194,0,0,23.8,8.9,83.6,29.9,19.4,49.3,17.9,1,25.4,61.2,13.4,-1.6,-0.90%,-16.11,26.1,50,0,2/H3D,,wongco01
664,James Wood*,22,WSN,NL,442,0.389,154,0.338,0.248,5.4,27.8,14,93.6,55.6,24.7,51,22.4,1.04,27.1,53.3,19.6,3,0.60%,29.24,26.1,77.8,35.4,*7D,AS,woodja03
665,Gage Workman*,25,2TM,2LG,17,0.23,33,0.333,0.063,0,41.2,5.9,89.8,33.3,11.1,55.6,33.3,1.25,22.2,66.7,11.1,-0.3,-0.10%,-1.87,0,100,33.3,/56HD,,workmga01
666,Austin Wynns,34,2TM,2LG,100,0.368,132,0.333,0.258,6,28,5,86.9,43.3,19.4,43.3,31.3,0.78,34.3,50.7,14.9,0.2,0.10%,7.34,20,,40,2/H3D,,wynnsau01
667,Mike Yastrzemski*,34,SFG,NL,349,0.323,109,0.296,0.132,2.3,22.9,12.3,88.6,41.7,23.6,34.2,30.2,0.55,34.2,49.3,16.4,0.2,0.20%,-3.44,25.9,75,35,*9/H1,,yastrmi01
668,Christian Yelich*,33,MIL,NL,403,0.349,122,0.322,0.189,4.7,27,9.2,90,45.8,20.6,59.5,16.7,1.47,29.4,52,18.7,0.1,0.00%,16.18,27.4,75,58.3,*D7/H,,yelicch01
669,Masataka Yoshida*,31,BOS,AL,26,0.266,55,0.261,0.08,0,7.7,0,93.3,47.8,26.1,69.6,4.3,2.29,47.8,43.5,8.7,-0.3,-0.30%,-2.38,14.3,100,33.3,/D7H,,yoshima02
670,Cole Young*,21,SEA,AL,143,0.294,96,0.32,0.086,1.4,21,7.7,87.3,31,25,37,28,0.6,42,38,20,-0.7,-0.40%,-0.54,27.3,,38.5,4,,youngco01
671,Jacob Young,25,WSN,NL,244,0.28,84,0.295,0.047,0,13.1,7.4,81.9,31.1,20.9,51.8,12.6,1.36,16.2,58.6,25.1,-1.1,-0.40%,-8.94,32,52.6,61.1,*8/HD,,youngja03
672,Jared Young*,29,NYM,NL,45,0.271,74,0.167,0.244,6.7,33.3,4.4,83.8,37,22.2,29.6,33.3,0.42,37,40.7,22.2,-0.1,-0.10%,-1.73,14.3,,33.3,D/H17,,youngja02
,MLB Average,,,,,0.319,100,0.291,0.155,3,21.9,8.5,88.9,41.1,23.9,41.5,26.5,0.72,30.3,52,17.7,,,,30.4,77.1,42.4,,,-9999
