Rk,Player▲,Age,Team,Lg,WAR,G,PA,AB,R,H,2B,3B,HR,RBI,SB,CS,BB,SO,BA,OBP,SLG,OPS,OPS+,rOBA,Rbat+,TB,GIDP,HBP,SH,SF,IBB,Pos,Awards,player_id,BAbip,EV,HardH%
1,CJ Abrams*,24,WSN,NL,3.2,87,386,348,63,97,22,4,13,37,20,2,25,64,0.279,0.343,0.477,0.82,133,0.372,136,166,3,10,1,2,1,*6/H,,abramcj01,0.308,89,41.5
2,Bryan Abreu,28,HOU,AL,0,1,0,0,0,0,0,0,0,0,0,0,0,0,,,,,,,,0,0,0,0,0,0,1,,abreubr01,,,
3,Wilyer Abreu*,26,BOS,AL,2.7,87,314,281,43,71,11,0,20,55,5,3,31,76,0.253,0.325,0.505,0.83,127,0.349,124,142,6,0,0,2,4,*9H/D,,abreuwi02,0.273,91.4,46.9
4,Luisangel Acuña,23,NYM,NL,0.3,73,172,157,24,38,7,0,0,7,12,1,11,32,0.242,0.294,0.287,0.581,70,0.274,66,45,6,1,2,1,0,4H/658,,acunajo01,0.302,85.8,36.8
5,Ronald Acuña Jr.,27,ATL,NL,2.8,50,215,178,46,57,9,1,13,24,4,0,37,59,0.32,0.437,0.601,1.038,189,0.444,187,107,1,0,0,0,2,9/H,AS,acunaro01,0.415,92.4,52.1
6,Willy Adames,29,SFG,NL,1.4,101,429,372,59,86,16,2,15,53,4,2,48,112,0.231,0.318,0.406,0.724,108,0.319,108,151,6,2,0,6,1,*6/D,,adamewi01,0.283,89.7,46
7,Jordyn Adams,25,BAL,AL,0,5,1,1,1,0,0,0,0,0,0,0,0,0,0,0,0,0,-100,0,-127,0,0,0,0,0,0,/8H,,adamsjo03,0,77.2,0
8,Riley Adams,29,WSN,NL,0.1,38,126,118,13,20,5,0,5,15,0,0,7,53,0.169,0.222,0.339,0.561,59,0.254,59,40,4,1,0,0,0,2/H,,adamsri03,0.25,91.5,48.4
9,Jo Adell,26,LAA,AL,0.9,94,347,313,38,75,13,0,21,58,3,0,23,84,0.24,0.309,0.482,0.792,115,0.343,116,151,2,9,0,1,0,*89/H,,adelljo01,0.258,91.4,49.8
10,Zach Agnos,24,COL,NL,0,1,0,0,0,0,0,0,0,0,0,0,0,0,,,,,,,,0,0,0,0,0,0,1,,agnosza01,,,
11,Nick Ahmed,35,TEX,AL,0.1,5,10,9,1,0,0,0,0,0,1,0,1,3,0,0.1,0,0.1,-67,0.183,-5,0,1,0,0,0,0,/6,,ahmedni01,0,83.4,16.7
12,Keegan Akin*,30,BAL,AL,0,1,0,0,0,0,0,0,0,0,0,0,0,0,,,,,,,,0,0,0,0,0,0,1,,akinke01,,,
13,Ozzie Albies#,28,ATL,NL,0.9,100,424,381,42,85,12,1,9,39,8,1,36,67,0.223,0.295,0.331,0.626,76,0.288,75,126,5,4,0,3,0,*4,,albieoz01,0.247,87.4,30
14,Sergio Alcántara#,28,SFG,NL,-0.1,1,4,4,0,0,0,0,0,0,0,0,0,2,0,0,0,0,-100,0,-117,0,0,0,0,0,0,/56,,alcanse01,0,84.2,0
15,Blaze Alexander,26,ARI,NL,0.5,16,42,36,6,9,4,0,0,4,2,0,3,11,0.25,0.341,0.361,0.703,97,0.353,114,13,1,2,1,0,0,/4H5D,,alexabl01,0.36,90.2,53.8
16,CJ Alexander*,28,ATH,AL,-0.2,6,17,17,0,3,0,0,0,0,0,0,0,8,0.176,0.176,0.176,0.353,-1,0.158,-17,3,0,0,0,0,0,/35H79,,alexacj01,0.333,81.7,11.1
17,Tyler Alexander,30,CHW,AL,0,1,1,1,0,0,0,0,0,0,0,0,0,0,0,0,0,0,-100,0,-136,0,0,0,0,0,0,1,,alexaty01,0,93.6,0
18,Nick Allen,26,ATL,NL,1.1,91,301,266,25,62,8,0,0,18,6,5,24,68,0.233,0.301,0.263,0.564,61,0.258,58,70,4,3,5,3,0,*6/H,,allenni02,0.308,82.7,21
19,Pete Alonso,30,NYM,NL,2.8,102,441,378,53,102,26,1,21,77,1,2,47,102,0.27,0.365,0.511,0.876,151,0.373,148,193,14,12,0,4,4,*3,AS,alonspe01,0.313,94,53.6
20,Jose Altuve,35,HOU,AL,0.6,98,420,378,55,106,17,1,17,53,6,6,36,67,0.28,0.34,0.466,0.806,123,0.339,119,176,10,1,0,5,4,74D,,altuvjo01,0.298,83.6,29.8
21,Francisco Alvarez,23,NYM,NL,1.2,37,146,129,13,31,4,0,4,13,0,0,15,39,0.24,0.329,0.364,0.693,101,0.323,111,47,3,2,0,0,0,2,,alvarfr01,0.314,92.6,50
22,Nacho Alvarez Jr.,22,ATL,NL,0.1,7,28,26,2,6,1,0,0,0,0,0,1,8,0.231,0.286,0.269,0.555,58,0.257,56,7,0,1,0,0,0,/5,,alvarna01,0.333,87.5,38.9
23,Yordan Alvarez*,28,HOU,AL,-0.5,29,121,100,7,21,4,0,3,18,1,0,16,21,0.21,0.306,0.34,0.646,81,0.276,68,34,0,0,0,5,3,D/7,,alvaryo01,0.222,94,46.4
24,Adael Amador#,22,COL,NL,-0.8,35,109,95,4,17,6,0,1,7,1,1,11,26,0.179,0.271,0.274,0.545,48,0.258,48,26,1,1,2,0,0,4/H,,amadoad01,0.235,80.7,25.7
25,Jacob Amaya,26,CHW,AL,-1.2,33,68,62,6,6,1,0,0,7,2,0,2,15,0.097,0.119,0.113,0.232,-34,0.112,-57,7,1,0,1,3,0,6/H1,,amayaja01,0.12,84.9,29.4
26,Miguel Amaya,26,CHC,NL,1,27,100,93,14,26,9,0,4,25,0,0,4,22,0.28,0.313,0.505,0.819,133,0.367,142,47,0,1,1,1,0,2/DH,,amayami01,0.324,86.8,34.2
27,Tim Anderson,32,LAA,AL,0,31,90,83,8,17,3,0,0,3,1,1,3,29,0.205,0.258,0.241,0.499,40,0.224,31,20,1,3,1,0,0,46/H,,anderti01,0.315,87.5,36.4
28,Miguel Andujar,30,ATH,AL,-0.5,53,209,197,19,56,8,1,3,22,1,0,10,27,0.284,0.316,0.381,0.697,93,0.305,89,75,5,0,0,2,1,57/9HD3,,andujmi01,0.314,87.2,33.3
29,Roman Anthony*,21,BOS,AL,1.2,36,146,125,20,32,11,0,2,14,2,0,18,39,0.256,0.363,0.392,0.755,111,0.341,114,49,1,3,0,0,0,9D/7H,,anthoro01,0.357,94,56.5
30,Jonathan Aranda*,27,TBR,AL,3,95,375,329,48,104,20,0,11,50,0,1,36,91,0.316,0.395,0.477,0.872,144,0.376,145,157,7,8,0,2,3,*3H/D,AS,arandjo01,0.406,93,55.7
31,Orlando Arcia,30,2TM,NL,-1.2,46,129,123,7,22,2,1,2,6,0,0,6,25,0.179,0.217,0.26,0.477,30,0.22,23,32,3,0,0,0,0,64/35DH,,arciaor01,0.208,85.2,29.9
32,Nolan Arenado,34,STL,NL,1.4,89,367,336,41,82,15,1,10,43,2,0,26,35,0.244,0.302,0.384,0.686,92,0.308,92,129,6,3,0,2,4,*5/DH,,arenano01,0.246,86.9,34
33,Gabriel Arias,25,CLE,AL,0.9,77,281,255,28,59,17,0,6,31,3,3,18,88,0.231,0.293,0.369,0.661,82,0.287,78,94,5,5,1,2,0,64/5H,,ariasga01,0.325,88.9,41.2
34,Shawn Armstrong,34,TEX,AL,0,1,0,0,0,0,0,0,0,0,0,0,0,0,,,,,,,,0,0,0,0,0,0,1,,armstsh01,,,
35,Randy Arozarena,30,SEA,AL,3.7,99,433,368,56,92,23,1,18,49,16,2,45,117,0.25,0.356,0.465,0.82,139,0.365,143,171,5,17,0,3,2,*7/D,AS,arozara01,0.314,91.9,52.2
36,Luis Arráez*,28,SDP,NL,0.5,95,415,385,41,110,18,4,5,37,5,2,19,12,0.286,0.32,0.392,0.713,99,0.315,96,151,5,2,6,3,0,*3D/H,,arraelu01,0.283,84.4,15.8
37,Drew Avans*,29,2TM,2LG,-0.4,8,18,17,1,2,0,0,0,1,1,0,0,6,0.118,0.111,0.118,0.229,-36,0.113,-59,2,0,0,0,1,0,/789H,,avansdr01,0.167,84.7,18.2
38,José Azócar,29,2TM,NL,0,14,21,19,5,5,0,0,0,1,1,0,2,1,0.263,0.333,0.263,0.596,76,0.289,78,5,0,0,0,0,0,/H978D,,azocajo01,0.278,82.9,27.8
39,Akil Baddoo*,26,DET,AL,0.2,7,18,17,0,2,1,0,0,1,1,0,1,5,0.118,0.167,0.176,0.343,-4,0.171,-17,3,0,0,0,0,0,/798H,,baddoak01,0.167,90.3,41.7
40,Harrison Bader,31,MIN,AL,2.3,89,287,254,29,63,11,0,12,37,8,3,24,74,0.248,0.328,0.433,0.761,107,0.334,108,110,3,7,0,2,0,*78/H9,,baderha01,0.3,86.7,40.6
41,Ji Hwan Bae*,25,PIT,NL,-0.2,7,12,11,3,1,0,0,0,0,2,0,1,5,0.091,0.167,0.091,0.258,-26,0.166,-40,1,0,0,0,0,0,/8H7D,,baeji01,0.167,81,16.7
42,Javier Báez,32,DET,AL,2,82,293,278,43,76,13,1,10,39,3,1,9,67,0.273,0.307,0.435,0.742,105,0.324,105,121,4,5,0,1,0,685/4H,AS,baezja01,0.327,88.2,41.5
43,Patrick Bailey#,26,SFG,NL,0.6,80,265,236,25,49,12,2,2,27,0,0,20,80,0.208,0.267,0.301,0.568,65,0.257,63,71,4,1,3,5,0,*2/HD,,bailepa01,0.296,87,36.8
44,Bryan Baker,30,BAL,AL,0,1,0,0,0,0,0,0,0,0,0,0,0,0,,,,,,,,0,0,0,0,0,0,1,,bakerbr01,,,
45,Luken Baker,28,STL,NL,-0.1,19,41,34,3,8,3,0,0,2,0,0,7,10,0.235,0.366,0.324,0.689,97,0.319,101,11,3,0,0,0,0,DH/3,,bakerlu01,0.333,94.5,54.2
46,Brooks Baldwin#,24,CHW,AL,-1,57,178,162,14,36,8,0,5,23,3,0,9,52,0.222,0.264,0.364,0.629,74,0.274,65,59,7,1,4,2,0,7H846/95,,baldwbr01,0.29,87.1,40.5
47,Drake Baldwin*,24,ATL,NL,2.3,70,233,210,25,60,8,0,11,39,0,0,21,38,0.286,0.356,0.481,0.837,133,0.374,139,101,5,2,0,0,0,2H/D,,baldwdr01,0.304,91.9,51.7
48,Moisés Ballesteros*,21,CHC,NL,-0.1,5,18,16,3,3,0,0,0,3,0,0,2,1,0.188,0.278,0.188,0.465,39,0.223,39,3,1,0,0,0,0,/D,,ballemo01,0.2,89,33.3
49,Anthony Banda*,31,LAD,NL,0,1,0,0,0,0,0,0,0,0,0,0,0,0,,,,,,,,0,0,0,0,0,0,1,,bandaan01,,,
50,David Bañuelos,28,BAL,AL,0,1,2,1,0,0,0,0,0,0,0,0,0,1,0,0.5,0,0.5,61,0.359,136,0,0,1,0,0,0,/DH,,banueda01,,,
51,Addison Barger*,25,TOR,AL,1.7,77,284,263,41,72,22,0,14,44,3,1,19,68,0.274,0.325,0.517,0.842,129,0.355,125,136,3,1,0,0,3,59/H,,bargead01,0.32,93,53.8
52,Austin Barnes,35,LAD,NL,-0.3,13,44,42,4,9,3,0,0,2,0,0,1,14,0.214,0.233,0.286,0.518,46,0.228,34,12,1,0,1,0,0,2/3DH,,barneau01,0.321,79.5,20.7
53,Tucker Barnhart*,34,TEX,AL,0,8,15,13,0,3,0,0,0,0,0,0,1,4,0.231,0.333,0.231,0.564,69,0.272,77,3,2,1,0,0,0,/21,,barnhtu01,0.333,85.4,11.1
54,Jose Barrero,27,STL,NL,-0.1,22,31,29,4,4,1,0,1,3,0,0,1,9,0.138,0.194,0.276,0.469,31,0.211,24,8,0,1,0,0,0,/H48695,,garcijo02,0.158,83.6,20
55,Jorge Barrosa#,24,ARI,NL,-0.1,5,16,15,1,3,2,0,0,4,0,0,0,5,0.2,0.188,0.333,0.521,42,0.213,23,5,0,0,0,1,0,/87DH,,barrojo01,0.273,82.8,27.3
56,Joey Bart,28,PIT,NL,-0.1,61,226,198,12,46,6,1,1,15,1,0,25,63,0.232,0.327,0.288,0.615,73,0.291,77,57,11,3,0,0,0,2/HD,,bartjo01,0.336,88.1,40.7
57,Brett Baty*,25,NYM,NL,1.8,80,259,236,27,56,9,2,11,33,5,0,19,63,0.237,0.295,0.432,0.727,108,0.332,114,102,4,1,0,2,0,54H/D,,batybr01,0.274,90.4,47.7
58,Jake Bauers*,29,MIL,NL,0.1,59,151,127,16,25,5,0,5,18,5,0,23,45,0.197,0.318,0.354,0.672,91,0.309,89,45,0,0,0,1,1,3H7/1D9,,bauerja01,0.256,90.7,46.3
59,Félix Bautista,30,BAL,AL,0,1,0,0,0,0,0,0,0,0,0,0,0,0,,,,,,,,0,0,0,0,0,0,1,,bautife01,,,
60,Jordan Beck,24,COL,NL,0.8,89,359,332,45,90,18,5,11,33,11,6,23,102,0.271,0.323,0.455,0.778,107,0.345,110,151,7,3,0,1,0,*7/HD,,beckjo01,0.359,87.8,41.3
61,Josh Bell#,32,WSN,NL,0.1,88,344,303,32,68,10,1,13,38,0,2,36,59,0.224,0.314,0.393,0.707,102,0.312,103,119,9,4,0,1,1,*D/H3,,belljo02,0.237,89.9,46.1
62,Cody Bellinger*,29,NYY,AL,3.1,92,393,358,58,102,20,3,18,57,9,2,29,54,0.285,0.336,0.508,0.844,132,0.36,129,182,4,1,0,5,1,*789/3H,,bellico01,0.289,89.1,40.1
63,Andrew Benintendi*,30,CHW,AL,0.6,71,289,256,36,61,12,2,11,37,1,0,25,48,0.238,0.306,0.43,0.735,104,0.322,104,110,4,2,0,5,2,7D/H,,beninan01,0.248,88.5,37
64,Will Benson*,27,CIN,NL,0.1,54,175,158,22,35,6,1,8,26,1,2,12,52,0.222,0.274,0.424,0.698,87,0.296,79,67,4,1,0,4,0,97/H8,,bensowi01,0.265,93.6,58.2
65,Jon Berti,35,CHC,NL,0.2,46,103,96,12,21,2,0,0,2,11,2,5,21,0.219,0.272,0.24,0.511,50,0.259,54,23,1,2,0,0,0,5H4/19,,bertijo01,0.28,87.3,36.5
66,Mookie Betts,32,LAD,NL,2.2,93,409,365,58,87,14,1,11,45,6,0,38,45,0.238,0.311,0.373,0.683,92,0.308,91,136,6,2,0,4,2,*6/H,,bettsmo01,0.243,88.4,34.6
67,Bo Bichette,27,TOR,AL,1.7,98,441,413,47,116,29,1,12,57,4,3,23,72,0.281,0.322,0.443,0.765,110,0.333,111,183,9,3,0,2,2,*6/DH,,bichebo01,0.314,91.1,49.1
68,Cavan Biggio*,30,KCR,AL,-0.2,37,83,69,9,12,2,0,1,4,1,0,11,21,0.174,0.296,0.246,0.543,55,0.26,55,17,0,1,2,0,0,HD/93745,,biggica01,0.234,87,36
69,Jake Bird,29,COL,NL,0,1,0,0,0,0,0,0,0,0,0,0,0,0,,,,,,,,0,0,0,0,0,0,1,,birdja01,,,
70,Hayden Birdsong,23,SFG,NL,0,1,0,0,0,0,0,0,0,0,0,0,0,0,,,,,,,,0,0,0,0,0,0,1,,birdsha01,,,
71,Tyler Black*,24,MIL,NL,0,1,1,0,0,0,0,0,0,0,0,0,1,0,,1,,,,0.697,382,0,0,0,0,0,0,/H,,blackty01,,,
72,Dairon Blanco,32,KCR,AL,0,9,8,6,2,1,1,0,0,1,3,2,0,2,0.167,0.167,0.333,0.5,35,0.316,143,2,0,0,2,0,0,/H78,,blancda02,0.25,64.2,0
73,JJ Bleday*,27,ATH,AL,-0.5,62,233,204,30,39,10,0,8,22,1,2,28,57,0.191,0.288,0.358,0.645,79,0.284,77,73,4,0,0,1,1,8/H7D,,bledajj01,0.221,87.5,38.5
74,Ryan Bliss,25,SEA,AL,-0.2,11,39,35,1,7,1,0,1,3,2,2,4,11,0.2,0.282,0.314,0.596,75,0.254,76,11,2,0,0,0,0,4,,blissry01,0.261,89,33.3
75,Xander Bogaerts,32,SDP,NL,1.8,99,401,351,43,94,22,0,6,35,16,1,43,63,0.268,0.345,0.382,0.727,104,0.328,100,134,8,1,1,5,3,*6/DH,,bogaexa01,0.307,89.3,39.5
76,Alec Bohm,28,PHI,NL,0.8,92,383,353,39,98,12,2,8,42,2,0,22,62,0.278,0.324,0.391,0.715,96,0.319,95,138,13,4,0,4,0,*53,,bohmal01,0.314,90.3,47.1
77,Sean Bouchard,29,COL,NL,-1,32,73,66,7,11,0,1,1,7,1,1,7,27,0.167,0.247,0.242,0.489,33,0.235,34,16,2,0,0,0,0,9H/D73,,bouchse01,0.263,86.6,30.8
78,Matt Bowman,34,BAL,AL,0,1,0,0,0,0,0,0,0,0,0,0,0,0,,,,,,,,0,0,0,0,0,0,1,,bowmama01,,,
79,Rob Brantly*,35,MIA,NL,0,3,7,7,0,3,0,0,0,1,0,0,0,1,0.429,0.429,0.429,0.857,140,0.373,135,3,0,0,0,0,0,/2,,brantro01,0.5,79.6,16.7
80,John Brebbia*,35,DET,AL,0,1,0,0,0,0,0,0,0,0,0,0,0,0,,,,,,,,0,0,0,0,0,0,1,,brebbjo01,,,
81,Alex Bregman,31,BOS,AL,2.7,58,252,223,34,65,18,0,12,38,1,1,22,44,0.291,0.369,0.534,0.903,148,0.385,150,119,4,6,0,1,1,5/H,AS,bregmal01,0.315,91.7,48.9
82,Will Brennan*,27,CLE,AL,-0.2,6,13,11,0,1,0,0,0,0,0,1,1,1,0.091,0.231,0.091,0.322,-5,0.131,-10,1,1,1,0,0,0,/98H,,brennwi02,0.1,82.2,30
83,Jonah Bride,29,2TM,2LG,-0.7,45,125,112,7,19,2,0,0,5,0,0,11,39,0.17,0.248,0.188,0.436,23,0.224,28,21,1,1,0,1,1,5H/3D14,,bridejo01,0.257,87.3,28.4
84,Trenton Brooks*,29,SDP,NL,-0.4,23,41,39,5,6,2,0,1,2,0,0,2,13,0.154,0.195,0.282,0.477,32,0.209,20,11,2,0,0,0,0,HD/7,,brooktr01,0.2,88.5,38.5
85,Seth Brown*,32,ATH,AL,-0.7,38,76,65,6,12,2,0,1,3,1,0,9,23,0.185,0.303,0.262,0.564,60,0.266,60,17,2,2,0,0,0,H7/89D,,brownse01,0.268,87.2,40.5
86,Vidal Bruján#,27,CHC,NL,-0.4,34,42,40,6,7,3,0,0,3,2,1,1,11,0.175,0.19,0.25,0.44,27,0.19,16,10,1,0,0,1,0,H5/479D68,,brujavi01,0.233,87.3,36.7
87,Kris Bryant,33,COL,NL,-0.5,11,41,39,2,6,2,0,0,1,0,0,2,13,0.154,0.195,0.205,0.4,9,0.183,-6,8,1,0,0,0,0,D/H,,bryankr01,0.231,90.8,34.6
88,Jake Burger,29,TEX,AL,0.1,75,286,272,33,62,14,0,11,35,1,1,8,73,0.228,0.259,0.401,0.659,88,0.283,86,109,2,4,0,2,0,3/DH,,burgeja01,0.268,90.3,48.3
89,Alec Burleson*,26,STL,NL,1.4,90,337,307,33,90,17,0,12,44,4,0,24,44,0.293,0.343,0.466,0.809,126,0.358,127,143,9,1,1,3,1,93D7/H1,,burleal01,0.307,90.7,43.2
90,Michael Busch*,27,CHC,NL,3.5,95,357,314,47,89,15,3,20,60,4,0,37,84,0.283,0.37,0.541,0.911,160,0.4,163,170,1,6,0,0,1,*3H/D,,buschmi02,0.329,91.4,47.6
91,Lawrence Butler*,24,ATH,AL,2,98,426,385,56,93,24,2,14,41,16,4,41,121,0.242,0.315,0.423,0.738,103,0.327,103,163,2,0,0,0,0,*9/8H,,butlela01,0.316,90.6,44.3
92,Byron Buxton,31,MIN,AL,4.1,82,353,317,68,92,14,4,23,58,17,0,28,92,0.29,0.351,0.577,0.929,150,0.406,153,183,0,4,0,4,2,*8/D,AS,buxtoby01,0.335,92,54.8
93,José Caballero,28,TBR,AL,1.5,79,254,219,33,49,12,1,2,26,32,8,28,76,0.224,0.319,0.315,0.634,80,0.307,83,69,1,3,3,1,0,6594/7H8D1,,cabaljo01,0.331,82.4,27.9
94,Oswaldo Cabrera#,26,NYY,AL,0.4,34,122,107,17,26,4,0,1,11,0,1,11,25,0.243,0.322,0.308,0.631,78,0.303,93,33,1,2,1,1,0,5/H379,,cabreos01,0.305,87,34.5
95,Jac Caglianone*,22,KCR,AL,-1.3,39,155,144,9,22,5,0,5,10,1,0,8,33,0.153,0.213,0.292,0.505,40,0.225,32,42,3,3,0,0,0,9/3D,,caglija01,0.16,89.7,44.1
96,Alex Call,30,WSN,NL,1.1,68,221,182,28,50,9,2,2,21,1,0,25,32,0.275,0.375,0.379,0.754,118,0.344,123,69,5,6,5,3,0,97H/D8,,callal02,0.318,87.3,29.7
97,Tyler Callihan*,25,CIN,NL,-0.2,4,6,6,0,1,0,0,0,1,0,0,0,1,0.167,0.167,0.167,0.333,-9,0.151,-26,1,0,0,0,0,0,/74,,callity01,0.2,89.8,60
98,Daz Cameron,28,MIL,NL,-0.5,21,42,41,7,8,1,0,1,3,1,0,1,13,0.195,0.214,0.293,0.507,42,0.23,35,12,1,0,0,0,0,9H/7,,camerda01,0.259,91.9,32.1
99,Junior Caminero,21,TBR,AL,2,96,406,377,58,98,20,0,25,65,5,1,23,82,0.26,0.3,0.512,0.812,123,0.354,127,193,26,1,0,5,1,*5/DH3,AS,caminju01,0.265,91.3,47.7
100,Kristian Campbell,23,BOS,AL,-0.9,67,263,229,24,51,10,0,6,21,2,1,29,72,0.223,0.319,0.345,0.664,86,0.301,87,79,1,4,0,1,0,4/8H7D,,campbkr01,0.296,88.6,42.3
101,Gustavo Campero#,27,LAA,AL,0,18,37,32,3,4,0,0,1,1,1,0,4,7,0.125,0.243,0.219,0.462,30,0.225,26,7,1,1,0,0,0,9/7H8,,campegu01,0.125,83.8,20
102,Luis Campusano,26,SDP,NL,-0.4,10,27,21,0,0,0,0,0,0,0,0,6,11,0,0.222,0,0.222,-30,0.155,-18,0,2,0,0,0,0,/DH,,campulu01,0,87.8,30
103,Alexander Canario,25,PIT,NL,0.2,55,169,154,18,33,5,1,3,13,2,1,15,56,0.214,0.284,0.318,0.602,67,0.282,71,49,3,0,0,0,0,798/H,,canaral01,0.316,88,48
104,Jeimer Candelario#,31,CIN,NL,-0.9,22,91,80,3,9,2,0,2,10,0,1,9,29,0.113,0.198,0.213,0.41,12,0.185,1,17,1,0,0,2,0,5/3D,,candeje01,0.137,87.3,28.3
105,Mark Canha,36,KCR,AL,-1,46,125,113,9,24,3,0,1,6,0,1,7,24,0.212,0.272,0.265,0.537,52,0.238,45,30,1,3,0,2,0,7H9/D3,,canhama01,0.256,86.6,33
106,Yennier Cano,31,BAL,AL,0,1,0,0,0,0,0,0,0,0,0,0,0,0,,,,,,,,0,0,0,0,0,0,1,,canoye01,,,
107,Dominic Canzone*,27,SEA,AL,0.9,34,110,105,12,32,6,0,6,12,1,1,4,22,0.305,0.336,0.533,0.87,150,0.367,150,56,2,1,0,0,0,9/H,,canzodo01,0.338,91.8,48.8
108,Vinny Capra,28,2TM,2LG,-0.4,47,105,96,10,12,2,0,1,6,2,0,3,25,0.125,0.157,0.177,0.334,-6,0.174,-9,17,5,1,3,2,0,56H/41D,,capravi01,0.153,83.7,33.8
109,Victor Caratini#,31,HOU,AL,0.9,71,257,232,26,63,10,0,10,36,1,0,13,43,0.272,0.323,0.444,0.767,112,0.331,109,103,7,7,0,5,0,2DH/3,,caratvi01,0.288,89.4,41.8
110,Dylan Carlson#,26,BAL,AL,-0.2,41,118,111,10,26,4,0,4,12,2,2,6,31,0.234,0.271,0.378,0.65,83,0.284,83,42,2,0,0,1,0,79/H8,,carlsdy01,0.286,86.8,24.7
111,Kerry Carpenter*,27,DET,AL,0.8,78,280,265,40,68,11,2,16,32,1,1,7,60,0.257,0.285,0.494,0.78,112,0.333,112,131,2,4,0,1,0,9D7H,,carpeke01,0.274,91.1,46.1
112,Corbin Carroll*,24,ARI,NL,3.2,85,384,344,66,86,17,13,21,49,13,4,32,98,0.25,0.326,0.558,0.884,141,0.377,137,192,3,7,0,1,1,*9/H8D,AS,carroco02,0.288,92.6,49.8
113,Evan Carter*,22,TEX,AL,1.5,46,162,143,24,36,7,1,4,18,12,2,16,30,0.252,0.34,0.399,0.738,114,0.34,118,57,1,3,0,0,1,8/HD,,carteev01,0.294,86.3,33.6
114,Triston Casas*,25,BOS,AL,-1,29,112,99,5,18,3,0,3,11,0,0,11,27,0.182,0.277,0.303,0.58,62,0.264,60,30,3,2,0,0,2,3/H,,casastr01,0.217,87.6,44.4
115,Nick Castellanos,33,PHI,NL,-0.4,100,411,382,44,103,22,1,12,54,4,0,22,83,0.27,0.311,0.427,0.738,101,0.329,101,163,8,3,0,4,0,*9/D,,casteni01,0.313,88.3,35.9
116,Willi Castro#,28,MIN,AL,0.7,79,315,276,45,71,14,2,10,27,8,3,31,78,0.257,0.347,0.431,0.778,113,0.341,113,119,6,7,1,0,1,4795/618H,,castrwi01,0.324,87.6,43.2
117,Andrés Chaparro,26,WSN,NL,-0.1,4,12,11,0,1,1,0,0,0,0,0,1,3,0.091,0.167,0.182,0.348,0,0.163,-7,2,0,0,0,0,0,/D3H,,chapaan01,0.125,85.4,37.5
118,Matt Chapman,32,SFG,NL,3,78,328,282,45,68,14,1,13,36,7,2,43,79,0.241,0.348,0.436,0.784,126,0.346,125,123,5,3,0,0,0,*5,,chapmma01,0.289,93.4,50.2
119,Tsung-Che Cheng*,23,PIT,NL,0,3,7,7,0,0,0,0,0,0,0,1,0,3,0,0,0,0,-100,0.058,-38,0,0,0,0,0,0,/64,,chengts01,0,93.2,50
120,Jazz Chisholm Jr.*,27,NYY,AL,3,70,292,251,41,63,11,0,18,48,10,4,34,76,0.251,0.347,0.51,0.857,136,0.373,140,128,3,4,1,2,0,45/H,AS,chishja01,0.283,88.7,46.6
121,Angel Chivilli,22,COL,NL,0,1,0,0,0,0,0,0,0,0,0,0,0,0,,,,,,,,0,0,0,0,0,0,1,,chivian01,,,
122,Jackson Chourio,21,MIL,NL,1.7,100,446,422,67,113,26,3,16,64,17,7,19,90,0.268,0.3,0.457,0.758,111,0.334,112,193,10,2,0,3,0,*879/D,,chourja01,0.304,87.9,39.5
123,Denzel Clarke,25,ATH,AL,1,47,159,148,18,34,8,2,3,8,6,0,6,61,0.23,0.274,0.372,0.646,78,0.286,69,55,1,3,2,0,0,8/H,,clarkde02,0.369,87.9,42.7
124,Taylor Clarke,32,KCR,AL,0,2,0,0,0,0,0,0,0,0,0,0,0,0,,,,,,,,0,0,0,0,0,0,1,,clarkta01,,,
125,Emmanuel Clase,27,CLE,AL,0,1,0,0,0,0,0,0,0,0,0,0,0,0,,,,,,,,0,0,0,0,0,0,1,,claseem01,,,
126,Jonatan Clase#,23,TOR,AL,-0.1,34,112,100,10,21,3,0,2,9,3,1,10,28,0.21,0.288,0.3,0.588,64,0.265,58,30,1,1,1,0,0,7/8H9D,,clasejo01,0.271,82.9,36.1
127,Kody Clemens*,29,2TM,2LG,1,65,184,163,25,36,6,3,12,31,0,1,14,45,0.221,0.295,0.515,0.81,117,0.338,113,84,2,4,1,2,0,43H/978D,,clemeko01,0.222,92.7,51.7
128,Ernie Clement,29,TOR,AL,2.2,99,364,334,46,93,20,0,4,26,3,3,20,35,0.278,0.318,0.374,0.692,92,0.299,86,125,9,1,5,4,1,5463/H,,clemeer01,0.298,85.8,25.4
129,Isaac Collins#,27,MIL,NL,1.9,81,250,212,34,56,8,1,6,27,11,3,32,58,0.264,0.367,0.396,0.763,117,0.353,124,84,3,3,2,1,0,*7H/9D45,,colliis01,0.336,85.9,37.6
130,Michael Conforto*,32,LAD,NL,-0.7,88,319,274,37,51,13,0,8,23,1,0,36,74,0.186,0.298,0.321,0.619,75,0.284,75,88,10,8,0,1,0,*7/H,,confomi01,0.223,89.9,42.2
131,Griffin Conine*,27,MIA,NL,0.2,20,71,64,10,18,7,0,1,7,0,1,7,19,0.281,0.352,0.438,0.79,118,0.354,127,28,0,0,0,0,0,7/9DH,,coningr01,0.386,91.6,51.1
132,William Contreras,27,MIL,NL,2,95,413,351,50,85,18,0,6,40,5,2,57,78,0.242,0.346,0.345,0.691,97,0.318,101,121,6,1,0,4,4,*2D/7,,contrwi02,0.292,90,43.8
133,Willson Contreras,33,STL,NL,1.8,96,405,356,49,92,25,0,13,57,4,0,32,101,0.258,0.342,0.438,0.78,119,0.343,117,156,9,14,1,2,1,*3D,,contrwi01,0.324,90.1,48.4
134,Billy Cook,26,PIT,NL,0,3,6,6,1,2,0,0,0,0,0,0,0,1,0.333,0.333,0.333,0.667,86,0.301,84,2,0,0,0,0,0,/9H38,,cookbi01,0.4,81.6,40
135,Kenedy Corona,25,HOU,AL,0,3,4,2,0,0,0,0,0,0,0,0,2,1,0,0.5,0,0.5,59,0.343,120,0,0,0,0,0,0,/8H,,coronke01,0,92.4,0
136,Carlos Correa,30,MIN,AL,0.1,88,345,319,40,85,19,0,7,31,0,0,25,65,0.266,0.319,0.392,0.711,95,0.309,90,125,11,0,0,1,0,*6/H,,correca01,0.315,90.9,47
137,Colton Cowser*,25,BAL,AL,1.2,42,167,155,15,35,7,0,8,18,5,0,7,50,0.226,0.281,0.426,0.707,98,0.313,96,66,1,5,0,0,0,78/9D,,cowseco01,0.278,90.8,47.1
138,J.P. Crawford*,30,SEA,AL,3.5,98,431,366,45,103,16,0,7,38,5,1,56,76,0.281,0.38,0.383,0.763,126,0.341,129,140,5,3,5,1,1,*6/H,,crawfjp01,0.338,86.4,34.4
139,Dylan Crews,23,WSN,NL,0.5,45,173,158,24,31,2,1,7,15,11,3,11,48,0.196,0.266,0.354,0.62,77,0.286,77,56,0,4,0,0,0,98,,crewsdy01,0.233,90.1,41.7
140,Blaine Crim,28,TEX,AL,-0.2,5,13,11,1,0,0,0,0,0,0,0,1,6,0,0.154,0,0.154,-49,0.108,-43,0,0,1,0,0,0,/3DH,,crimbl01,0,85.8,20
141,Jake Cronenworth*,31,SDP,NL,1.2,76,291,243,31,59,13,1,8,31,2,1,37,59,0.243,0.349,0.403,0.753,110,0.341,115,98,2,5,2,4,0,4/3HD,,croneja01,0.283,88,38.9
142,Pete Crow-Armstrong*,23,CHC,NL,5.8,99,417,389,68,105,25,4,26,73,28,5,18,97,0.27,0.305,0.555,0.86,143,0.378,143,216,1,3,4,3,0,*8,AS,crowape01,0.294,87.9,42.9
143,Oneil Cruz*,26,PIT,NL,1.1,90,381,326,50,70,14,2,16,39,31,4,48,123,0.215,0.318,0.417,0.735,102,0.338,101,136,5,3,0,4,4,*8/HD,,cruzon01,0.283,96.3,58
144,Travis d'Arnaud,36,LAA,AL,0.3,45,155,145,13,34,9,0,6,17,0,0,7,50,0.234,0.277,0.421,0.698,90,0.299,85,61,4,2,0,1,0,2/HD,,darnatr01,0.311,89,39.6
145,Bobby Dalbec,30,CHW,AL,0,7,21,18,2,4,1,0,0,1,0,0,3,6,0.222,0.333,0.278,0.611,75,0.28,74,5,1,0,0,0,0,/36H5,,dalbebo01,0.333,84.6,27.3
146,Logan Davidson#,27,ATH,AL,-0.3,9,24,20,1,3,1,0,0,2,0,0,3,12,0.15,0.261,0.2,0.461,32,0.217,23,4,1,0,1,0,0,/35H4,,davidlo01,0.375,77.4,33.3
147,Henry Davis,25,PIT,NL,0.5,50,160,143,17,26,5,0,4,12,0,1,12,38,0.182,0.248,0.301,0.549,52,0.255,53,43,0,1,1,1,0,2/H,,davishe01,0.216,87.1,34.3
148,J.D. Davis,32,LAA,AL,-0.3,5,9,9,0,1,0,0,0,0,0,0,0,3,0.111,0.111,0.111,0.222,-38,0.099,-62,1,0,0,0,0,0,/3H5,,davisjd01,0.167,85.7,33.3
149,Bryan De La Cruz,28,ATL,NL,-0.3,16,50,47,1,9,1,0,0,0,1,0,3,18,0.191,0.24,0.213,0.453,29,0.233,35,10,1,0,0,0,0,7/H9D,,delacbr01,0.31,91.5,51.7
150,Elly De La Cruz#,23,CIN,NL,3.5,102,437,387,76,108,19,3,18,65,26,6,47,106,0.279,0.359,0.483,0.842,127,0.371,125,187,8,2,0,1,8,*6/DH,AS,delacel01,0.341,91,45.9
151,Yerry De los Santos,27,NYY,AL,0,1,0,0,0,0,0,0,0,0,0,0,0,0,,,,,,,,0,0,0,0,0,0,1,,delosye01,,,
152,Paul DeJong,31,WSN,NL,0.1,23,84,79,6,18,6,0,1,7,2,0,4,29,0.228,0.274,0.342,0.616,76,0.28,73,27,1,1,0,0,0,5/6D,,dejonpa01,0.347,87.8,40
153,Adrian Del Castillo*,25,ARI,NL,0.1,3,12,12,2,5,1,0,0,2,0,0,0,3,0.417,0.417,0.5,0.917,155,0.398,154,6,1,0,0,0,0,/D,,delcaad01,0.556,88,55.6
154,Jonny DeLuca,26,TBR,AL,0.4,9,25,23,4,10,0,1,0,1,4,0,2,4,0.435,0.48,0.522,1.002,182,0.463,180,12,0,0,0,0,0,/8DH,,delucjo01,0.526,82.5,10.5
155,Rafael Devers*,28,2TM,2LG,2.2,103,465,382,59,99,25,0,17,69,1,1,74,116,0.259,0.383,0.458,0.841,136,0.365,137,175,10,5,0,4,8,*D/3,,deverra01,0.324,93.6,56.1
156,Zach Dezenzo,25,HOU,AL,0.1,34,109,98,17,24,6,0,2,10,1,0,11,37,0.245,0.321,0.367,0.688,93,0.314,96,36,2,0,0,0,0,79/D3H,,dezenza01,0.373,89.3,41
157,Edwin Díaz,31,NYM,NL,0,1,0,0,0,0,0,0,0,0,0,0,0,0,,,,,,,,0,0,0,0,0,0,1,AS,diazed04,,,
158,Elias Díaz,34,SDP,NL,-0.4,79,214,192,23,38,6,0,5,16,0,0,18,55,0.198,0.27,0.307,0.577,62,0.261,57,59,7,1,3,0,0,*2H,,diazel01,0.25,86.4,39.1
159,Yainer Diaz,26,HOU,AL,0.9,88,359,340,34,82,11,1,13,39,1,1,14,64,0.241,0.273,0.394,0.667,84,0.294,84,134,7,2,0,3,1,*2D/H,,diazya02,0.259,90.8,43.9
160,Yandy Díaz,33,TBR,AL,1.7,96,427,386,49,112,19,1,16,58,3,0,34,58,0.29,0.349,0.469,0.818,127,0.349,123,181,10,3,0,4,3,*D3,,diazya01,0.304,93.3,54.1
161,Dillon Dingler,26,DET,AL,2,75,276,258,26,69,12,1,8,36,0,0,10,65,0.267,0.312,0.415,0.726,101,0.319,101,107,3,7,0,1,0,*2/H,,dingldi01,0.328,89.4,45.9
162,Jasson Domínguez#,22,NYY,AL,0.6,83,322,284,43,72,15,1,8,34,14,2,33,93,0.254,0.329,0.398,0.727,103,0.33,104,113,4,1,0,4,0,*7D/H,,dominja01,0.342,90.8,51.8
163,Seranthony Domínguez,30,BAL,AL,0,2,0,0,0,0,0,0,0,0,0,0,0,0,,,,,,,,0,0,0,0,0,0,1,,dominse01,,,
164,Brendan Donovan*,28,STL,NL,2.7,94,410,363,52,107,24,0,8,39,3,1,35,55,0.295,0.364,0.427,0.791,123,0.347,121,155,4,7,1,4,3,*47/6DH,AS,donovbr01,0.326,89.3,39
165,Brenton Doyle,27,COL,NL,-1.7,86,344,320,35,69,12,2,7,31,10,1,22,89,0.216,0.265,0.331,0.596,60,0.273,54,106,8,0,0,2,0,*8/HD,,doylebr02,0.274,89.8,45.7
166,Mauricio Dubón,30,HOU,AL,1.8,77,235,218,27,57,14,0,6,20,2,0,14,24,0.261,0.305,0.408,0.713,97,0.308,92,89,8,0,2,1,0,4765/H839,,dubonma01,0.27,83.1,28.1
167,Blake Dunn,26,CIN,NL,-0.1,30,75,60,10,9,2,0,1,7,1,1,8,25,0.15,0.32,0.233,0.553,54,0.27,61,14,1,7,0,0,0,97/8HD,,dunnbl01,0.235,85.2,37.1
168,Oliver Dunn*,27,MIL,NL,-0.2,14,41,36,4,6,2,0,0,6,1,0,2,11,0.167,0.205,0.222,0.427,21,0.197,6,8,0,0,2,1,0,5/3H,,dunnol01,0.231,80.7,32.1
169,Ezequiel Durán,26,TEX,AL,-0.3,40,93,83,4,12,6,0,0,5,4,0,4,31,0.145,0.217,0.217,0.434,27,0.208,22,18,2,4,1,1,0,6/35H17D4,,duranez01,0.226,83.1,40.7
170,Jarren Duran*,28,BOS,AL,2.4,101,453,409,54,105,25,10,9,51,16,5,34,108,0.257,0.323,0.433,0.756,108,0.342,115,177,3,7,1,2,0,*78/H9D,,duranja01,0.327,91.9,46.9
171,Jhoan Durán,27,MIN,AL,0,3,0,0,0,0,0,0,0,0,0,0,0,0,,,,,,,,0,0,0,0,0,0,1,,duranjh01,,,
172,Caleb Durbin,25,MIL,NL,2.1,78,288,249,35,65,14,0,5,35,9,4,20,27,0.261,0.346,0.378,0.724,106,0.333,112,94,3,14,2,3,0,*5/4H,,durbica01,0.273,82.9,25.1
173,Nate Eaton,28,BOS,AL,-0.2,14,27,24,5,6,2,0,0,1,3,1,1,10,0.25,0.296,0.333,0.63,76,0.312,89,8,0,1,0,1,0,/57H18,,eatonna01,0.4,87.2,40
174,Tommy Edman#,30,LAD,NL,1.1,79,305,278,41,62,13,1,11,40,3,1,17,53,0.223,0.276,0.396,0.672,87,0.31,94,110,4,5,1,4,0,48/5H,,edmanto01,0.234,87.3,38.6
175,Xavier Edwards#,25,MIA,NL,2.1,84,379,340,44,100,16,2,1,26,17,6,33,53,0.294,0.356,0.362,0.718,101,0.325,100,123,3,1,3,2,2,46/DH,,edwarxa01,0.344,83.8,30.3
176,Tim Elko,26,CHW,AL,-0.3,20,67,62,6,9,1,0,4,8,1,0,5,28,0.145,0.209,0.355,0.564,55,0.26,57,22,1,0,0,0,0,3/D,,elkoti01,0.167,91.2,50
177,Christian Encarnacion-Strand,25,CIN,NL,-0.7,36,137,130,13,27,4,0,6,19,0,2,3,32,0.208,0.234,0.377,0.61,63,0.255,52,49,1,2,0,2,0,5-Mar,,encarch01,0.223,87.9,44
178,Jerar Encarnación,27,SFG,NL,-0.2,8,22,22,1,3,1,0,0,0,1,0,0,6,0.136,0.136,0.182,0.318,-9,0.146,-23,4,2,0,0,0,0,/9H37,,encarje01,0.188,89.4,56.3
179,Tristin English,28,ARI,NL,0,1,4,4,0,0,0,0,0,1,0,0,0,2,0,0,0,0,-100,0,-128,0,0,0,0,0,0,/3,,englitr01,0,85.6,50
180,Lucas Erceg*,30,KCR,AL,0,1,0,0,0,0,0,0,0,0,0,0,0,0,,,,,,,,0,0,0,0,0,0,1,,erceglu01,,,
181,J.C. Escarra*,30,NYY,AL,0.2,38,94,80,5,17,5,0,2,10,1,0,11,14,0.213,0.309,0.35,0.659,84,0.305,89,28,1,1,0,2,0,2/3H5D,,escarjc01,0.227,90.5,41.2
182,Santiago Espinal,30,CIN,NL,-0.8,88,280,260,22,64,12,0,0,14,2,1,17,31,0.246,0.295,0.292,0.587,61,0.262,52,76,10,1,2,0,0,54/7H96,,espinsa01,0.279,85.3,26.4
183,Carlos Estévez,32,KCR,AL,0,3,0,0,0,0,0,0,0,0,0,0,0,0,,,,,,,,0,0,0,0,0,0,1,AS,estevca01,,,
184,Thairo Estrada,29,COL,NL,-0.1,29,125,116,11,33,7,0,2,18,1,3,4,16,0.284,0.312,0.397,0.709,90,0.31,92,46,4,2,0,3,0,4,,estrath01,0.307,87.1,30.4
185,Stuart Fairchild,29,ATL,NL,-0.3,28,55,51,7,11,4,1,0,2,2,1,4,15,0.216,0.273,0.333,0.606,70,0.282,74,17,2,0,0,0,0,9H/D78,,faircst01,0.306,80.2,36.1
186,Kyle Farmer,34,COL,NL,-0.9,69,223,209,12,45,14,0,4,20,0,1,10,49,0.215,0.26,0.34,0.6,61,0.266,55,71,7,3,0,1,0,4D63/H5,,farmeky01,0.261,86.2,34
187,Hunter Feduccia*,28,LAD,NL,0,2,3,2,0,0,0,0,0,0,0,0,1,1,0,0.333,0,0.333,5,0.232,38,0,0,0,0,0,0,/H3,,feduchu01,0,98.9,100
188,Freddy Fermin,30,KCR,AL,1.3,61,189,174,15,46,7,0,2,8,0,2,12,34,0.264,0.319,0.339,0.658,85,0.288,83,59,2,2,1,0,1,2/HD4,,fermifr01,0.319,86.8,32.6
189,José Fermín,26,STL,NL,0.4,11,21,19,2,7,2,0,1,2,1,0,2,2,0.368,0.429,0.632,1.06,195,0.462,195,12,0,0,0,0,0,/745H9D,,fermijo01,0.375,86.9,41.2
190,Yanquiel Fernández*,22,COL,NL,-0.5,13,39,38,4,9,2,0,0,2,0,0,1,10,0.237,0.256,0.289,0.546,47,0.242,36,11,0,0,0,0,0,/9DH7,,fernaya01,0.321,88.2,33.3
191,Ryan Fitzgerald*,31,MIN,AL,-0.1,2,3,3,1,0,0,0,0,0,0,0,0,0,0,0,0,0,-100,0,-139,0,0,0,0,0,0,/4H,,fitzgry01,0,93.5,33.3
192,Tyler Fitzgerald,27,SFG,NL,1.1,63,222,198,18,45,10,1,3,13,9,4,15,62,0.227,0.287,0.333,0.62,80,0.284,82,66,3,2,6,1,0,4/H,,fitzgty01,0.313,81.5,29.4
193,Wilmer Flores,33,SFG,NL,0.5,91,359,322,35,79,9,0,12,59,1,0,29,64,0.245,0.318,0.385,0.703,103,0.324,110,124,14,6,0,2,0,D3/H5,,florewi01,0.27,84.8,24.2
194,Nick Fortes,28,MIA,NL,0.5,55,133,121,11,30,5,1,2,10,0,0,7,20,0.248,0.298,0.355,0.653,81,0.287,74,43,4,2,2,1,0,2/HD,,forteni01,0.28,85.1,40.4
195,Justin Foscue,26,TEX,AL,-0.1,4,9,9,0,1,1,0,0,2,0,0,0,3,0.111,0.111,0.222,0.333,-6,0.138,-22,2,0,0,0,0,0,/3DH,,foscuju01,0.167,93,66.7
196,Jake Fraley*,30,CIN,NL,0.9,53,158,136,25,34,7,0,5,20,4,2,21,29,0.25,0.354,0.412,0.766,108,0.348,114,56,0,1,0,0,0,9H/D,,fraleja01,0.284,85.6,35.8
197,Ty France,30,MIN,AL,0.5,95,367,333,41,83,18,0,6,43,1,0,17,58,0.249,0.316,0.357,0.673,85,0.308,89,119,8,16,0,1,0,*3/H,,francty01,0.285,89.3,41.8
198,Adam Frazier*,33,2TM,2LG,0.5,81,268,240,22,62,12,0,3,23,7,5,18,45,0.258,0.322,0.346,0.668,86,0.298,85,83,8,6,1,3,2,47H/9,,fraziad01,0.303,84.7,20.1
199,Cody Freeman,24,TEX,AL,0,3,5,5,2,1,1,0,0,1,0,0,0,1,0.2,0.2,0.4,0.6,69,0.249,61,2,0,0,0,0,0,/D5H,,freemco01,0.25,89.6,25
200,Freddie Freeman*,35,LAD,NL,1.7,89,375,331,48,97,27,1,10,49,1,1,37,85,0.293,0.368,0.471,0.839,135,0.366,135,156,8,4,0,3,5,*3/H,AS,freemfr01,0.364,91.2,46.6
201,Tyler Freeman,26,COL,NL,-0.1,57,202,174,25,55,14,1,1,15,12,4,19,18,0.316,0.396,0.425,0.821,122,0.373,126,74,6,6,0,3,0,9D/H45,,freemty01,0.342,89.6,43
202,Sal Frelick*,25,MIL,NL,2.2,93,385,344,46,101,11,3,7,39,17,4,26,49,0.294,0.354,0.404,0.758,115,0.34,113,139,1,7,3,2,0,*98/35H,,frelisa01,0.324,84.5,28.1
203,TJ Friedl*,29,CIN,NL,2.2,98,435,370,58,99,15,2,9,33,10,3,47,68,0.268,0.364,0.392,0.756,106,0.349,112,145,5,11,4,3,0,*8/HD,,friedtj01,0.304,83.9,30.7
204,David Fry,29,CLE,AL,-0.5,34,84,78,7,13,2,0,4,11,1,0,5,32,0.167,0.226,0.346,0.572,56,0.25,47,27,1,1,0,0,0,DH,,fryda01,0.214,87.2,43.5
205,Braxton Fulford,26,COL,NL,-0.1,14,42,40,4,10,2,1,1,11,1,0,1,18,0.25,0.262,0.425,0.687,82,0.298,72,17,0,0,0,1,0,2/H,,fulfobr01,0.409,88.5,52.2
206,Adolis García,32,TEX,AL,2.2,97,392,361,37,83,20,0,14,57,10,3,20,100,0.23,0.273,0.402,0.675,93,0.295,92,145,5,4,0,7,0,*9/DH,,garciad02,0.272,92.6,48.5
207,Aramis Garcia,32,ARI,NL,-0.1,2,4,4,0,0,0,0,0,0,0,0,0,3,0,0,0,0,-100,0,-128,0,0,0,0,0,0,/2,,garciar01,0,91.3,0
208,Luis García Jr.*,25,WSN,NL,0,89,343,315,42,82,20,0,7,43,9,5,20,50,0.26,0.303,0.39,0.694,98,0.31,99,123,4,2,0,6,0,*4/HD,,garcilu04,0.284,90,46.7
209,Maikel Garcia,25,KCR,AL,2.6,100,409,371,43,108,26,3,8,41,18,9,32,54,0.291,0.346,0.442,0.788,119,0.34,118,164,9,1,2,3,0,*54/68DH9,AS,garcima01,0.321,90.3,44.5
210,Robert Garcia,29,TEX,AL,0,1,0,0,0,0,0,0,0,0,0,0,0,0,,,,,,,,0,0,0,0,0,0,1,,garciro04,,,
211,Yimi García,34,TOR,AL,0,1,0,0,0,0,0,0,0,0,0,0,0,0,,,,,,,,0,0,0,0,0,0,1,,garciyi01,,,
212,Mitch Garver,34,SEA,AL,0.6,54,179,158,17,36,4,0,6,22,3,0,19,57,0.228,0.318,0.367,0.686,101,0.308,103,58,4,2,0,0,0,2DH,,garvemi01,0.316,91.8,47.5
213,Mickey Gasper#,29,MIN,AL,-0.1,17,39,34,5,6,1,0,0,3,0,0,4,9,0.176,0.282,0.206,0.488,38,0.253,49,7,0,1,0,0,0,/DH3427,,gaspemi01,0.24,88.2,28
214,Zack Gelof,25,ATH,AL,-0.1,8,28,25,3,2,0,0,0,1,0,0,2,13,0.08,0.143,0.08,0.223,-35,0.138,-32,2,0,0,0,1,0,/4,,gelofza01,0.154,89.3,53.8
215,Andrés Giménez*,26,TOR,AL,1.1,61,238,211,26,46,7,0,5,23,10,1,16,39,0.218,0.3,0.322,0.622,73,0.295,76,68,3,9,1,1,0,4/H6,,gimenan01,0.244,85.3,28.5
216,Paul Goldschmidt,37,NYY,AL,1.7,95,381,347,57,100,23,1,8,37,5,1,29,66,0.288,0.346,0.429,0.775,116,0.34,116,149,7,2,0,1,5,*3H/D8,,goldspa01,0.336,90.1,42.9
217,Nick Gonzales,26,PIT,NL,0.2,40,166,151,16,40,7,2,4,15,0,1,14,26,0.265,0.325,0.417,0.743,105,0.322,101,63,4,0,0,1,0,6-Apr,,gonzani01,0.295,88.5,42.1
218,Oscar González,27,SDP,NL,-0.5,21,61,59,2,13,1,0,0,4,0,1,2,13,0.22,0.246,0.237,0.483,36,0.21,27,14,1,0,0,0,0,7/9HD,,gonzaos01,0.283,89.1,45.7
219,Romy González,28,BOS,AL,0.9,48,167,154,26,46,15,3,5,28,4,2,9,42,0.299,0.335,0.532,0.868,137,0.383,148,82,1,1,0,3,1,34H/5D,,gonzaro01,0.373,94.9,60.9
220,Hunter Goodman,25,COL,NL,1.8,89,363,339,48,94,18,4,18,56,1,2,20,100,0.277,0.322,0.513,0.836,121,0.36,122,174,12,3,0,1,0,2D/H,AS,goodmhu01,0.342,91.7,52.3
221,Nolan Gorman*,25,STL,NL,0.2,66,226,196,31,43,8,1,9,29,1,1,27,68,0.219,0.31,0.408,0.718,101,0.316,100,80,1,0,0,3,1,4D5/H3,,gormano01,0.279,88.1,43.8
222,Matt Gorski,27,PIT,NL,-0.3,15,42,41,2,8,0,1,2,4,0,1,1,16,0.195,0.214,0.39,0.605,63,0.242,51,16,1,0,0,0,0,3/H87,,gorskma01,0.261,85.3,32
223,Riley Greene*,24,DET,AL,2.6,100,418,387,54,107,21,1,25,79,1,1,27,135,0.276,0.325,0.53,0.855,134,0.364,135,205,8,2,0,2,1,*7D8/H9,AS,greenri03,0.358,89.9,46.1
224,Randal Grichuk,33,ARI,NL,-0.1,68,182,169,25,42,15,1,7,22,0,1,10,38,0.249,0.286,0.473,0.759,107,0.328,107,80,4,0,0,3,1,DH9/78,,grichra01,0.276,92.4,52.2
225,Trent Grisham*,28,NYY,AL,2.8,84,327,282,47,72,9,1,17,38,0,1,44,72,0.255,0.358,0.475,0.833,131,0.378,146,134,4,1,0,0,0,*8/H,,grishtr01,0.285,90,44.3
226,Vladimir Guerrero Jr.,26,TOR,AL,3,99,435,367,62,104,19,0,13,48,5,2,60,60,0.283,0.391,0.441,0.832,131,0.363,132,162,9,6,0,2,7,*3D/H,AS,guerrvl02,0.307,92.8,52.1
227,Luis Guillorme*,30,HOU,AL,-0.2,12,21,20,2,3,0,0,0,0,0,0,1,8,0.15,0.19,0.15,0.34,-3,0.16,-15,3,2,0,0,0,0,/45H,,guilllu01,0.25,88.1,27.3
228,Lourdes Gurriel Jr.,31,ARI,NL,0,94,403,369,35,91,20,2,12,48,7,2,24,55,0.247,0.295,0.409,0.704,94,0.313,93,151,7,4,0,6,0,*7/DH,,gurrilo01,0.256,88.4,38.9
229,Yuli Gurriel,41,SDP,NL,-0.5,16,40,36,2,4,1,0,0,3,0,0,4,8,0.111,0.2,0.139,0.339,-3,0.169,-8,5,0,0,0,0,0,D/H3,,gourryu01,0.143,85.1,18.5
230,Eric Haase,32,MIL,NL,0.2,28,72,66,9,15,3,0,2,9,0,0,4,29,0.227,0.282,0.364,0.645,82,0.283,76,24,1,1,1,0,0,2/DH,,haaseer01,0.371,82.3,23.7
231,Josh Hader*,31,HOU,AL,0,1,0,0,0,0,0,0,0,0,0,0,0,0,,,,,,,,0,0,0,0,0,0,1,AS,haderjo01,,,
232,Sam Haggerty#,31,TEX,AL,0.8,47,144,128,25,32,4,3,2,11,9,2,14,25,0.25,0.329,0.375,0.704,105,0.346,125,48,0,1,1,0,1,H87/D94,,haggesa01,0.297,87.6,44.1
233,Seth Halvorsen,25,COL,NL,0,1,0,0,0,0,0,0,0,0,0,0,0,0,,,,,,,,0,0,0,0,0,0,1,,halvose01,,,
234,David Hamilton*,27,BOS,AL,0.3,62,133,123,16,22,3,0,3,12,15,3,7,31,0.179,0.229,0.276,0.505,40,0.24,30,34,2,1,2,0,0,4H/65D,,hamilda03,0.213,83.2,26.6
235,Garrett Hampson,30,3TM,NL,-0.1,41,80,67,12,11,2,0,0,1,3,1,11,24,0.164,0.282,0.194,0.476,36,0.231,32,13,1,0,2,0,0,4/789H651D,,hampsga01,0.256,80.7,20
236,Emerson Hancock,26,SEA,AL,0,1,0,0,0,0,0,0,0,0,0,0,0,0,,,,,,,,0,0,0,0,0,0,1,,hancoem01,,,
237,Maverick Handley,27,BAL,AL,-0.8,16,47,41,2,3,0,0,0,3,0,0,2,18,0.073,0.133,0.073,0.207,-39,0.104,-59,3,0,1,2,1,0,2/H,,handlma01,0.125,79.1,34.6
238,Ian Happ#,30,CHC,NL,1.5,91,422,367,55,83,16,0,13,48,4,2,51,94,0.226,0.32,0.376,0.696,101,0.314,104,138,5,1,0,3,0,*7/D,,happia01,0.266,89,41.3
239,Bryce Harper*,32,PHI,NL,2.5,73,323,272,44,74,22,0,13,41,9,0,45,66,0.272,0.381,0.496,0.877,140,0.389,141,135,3,4,0,2,2,*3/D,,harpebr03,0.313,91.6,51.4
240,Dustin Harris*,25,TEX,AL,0.3,16,38,35,4,7,2,0,1,1,1,1,3,11,0.2,0.263,0.343,0.606,75,0.261,74,12,1,0,0,0,0,/78H9D,,harridu01,0.261,86.5,25
241,Michael Harris II*,24,ATL,NL,0.3,98,388,366,23,78,13,3,7,46,12,3,11,81,0.213,0.237,0.322,0.559,56,0.247,46,118,6,2,4,5,1,*8/H,,harrimi04,0.251,88.2,40.6
242,Robert Hassell III*,23,WSN,NL,-0.1,21,79,78,6,17,1,0,1,8,1,0,1,21,0.218,0.228,0.269,0.497,42,0.234,43,21,1,0,0,0,0,8/9H,,hassero02,0.286,87.2,42.9
243,Ke'Bryan Hayes,28,PIT,NL,1.4,94,369,346,33,84,10,2,2,34,10,2,18,77,0.243,0.288,0.301,0.589,64,0.274,62,104,7,4,1,0,1,*5/H,,hayeske01,0.307,89.9,46.4
244,Austin Hays,29,CIN,NL,1.3,52,214,194,35,54,9,4,10,40,2,0,16,53,0.278,0.332,0.521,0.852,128,0.362,122,101,5,1,0,3,1,D7/H,,haysau01,0.328,89.8,41
245,Austin Hedges,32,CLE,AL,-0.4,39,106,91,8,11,1,0,3,5,1,0,11,32,0.121,0.221,0.231,0.452,26,0.212,18,21,1,1,2,1,0,1-Feb,,hedgeau01,0.14,85,30.6
246,Jonah Heim#,30,TEX,AL,0.2,80,287,267,22,58,10,0,8,28,3,0,15,66,0.217,0.259,0.345,0.603,74,0.278,79,92,6,1,1,3,0,2D/H,,heimjo01,0.255,88.4,35.6
247,Tyler Heineman#,34,TOR,AL,1.4,35,98,85,19,29,6,0,3,16,2,0,6,19,0.341,0.396,0.518,0.913,151,0.391,149,44,1,3,2,2,0,2/H1,,heinety01,0.4,80.6,25.7
248,Michael Helman,29,TEX,AL,0.2,6,10,7,3,1,0,0,1,4,1,0,2,0,0.143,0.333,0.571,0.905,157,0.406,162,4,0,0,1,0,0,/8H6,,helmami01,0,71.6,12.5
249,Ryan Helsley,30,STL,NL,0,1,0,0,0,0,0,0,0,0,0,0,0,0,,,,,,,,0,0,0,0,0,0,1,,helslry01,,,
250,Gunnar Henderson*,24,BAL,AL,2.9,93,391,353,51,98,22,4,11,35,13,3,35,91,0.278,0.345,0.456,0.801,126,0.351,126,161,7,2,0,1,4,*6/DH,,hendegu01,0.345,92.9,52.7
251,Heriberto Hernández,25,MIA,NL,0.7,34,98,89,13,29,5,0,3,13,0,0,8,27,0.326,0.378,0.483,0.861,137,0.378,139,43,1,0,0,1,0,7D/H9,,hernahe01,0.433,90.1,46.8
252,Kiké Hernández,33,LAD,NL,0.3,71,186,169,23,33,5,0,8,22,0,0,15,48,0.195,0.259,0.367,0.626,75,0.286,77,62,6,0,1,1,0,374H5/81D,,hernaen02,0.219,90.4,40.2
253,Teoscar Hernández,32,LAD,NL,0.7,81,327,308,42,76,19,0,14,58,5,0,15,79,0.247,0.282,0.445,0.727,101,0.318,98,137,8,1,0,2,0,*9/H,,hernate01,0.286,90.1,45.5
254,Iván Herrera,25,STL,NL,0.9,48,198,175,22,53,8,0,8,37,3,0,18,39,0.303,0.374,0.486,0.859,141,0.378,140,85,9,3,0,2,0,D2/H,,herreiv01,0.346,89.9,44.9
255,José Herrera#,28,ARI,NL,0,47,170,137,16,26,6,0,1,14,0,0,20,39,0.19,0.294,0.255,0.549,55,0.259,52,35,2,1,10,2,0,1-Feb,,herrejo04,0.253,79.4,23.6
256,Tim Herrin*,28,CLE,AL,0,1,0,0,0,0,0,0,0,0,0,0,0,0,,,,,,,,0,0,0,0,0,0,1,,herriti01,,,
257,Jason Heyward*,35,SDP,NL,-0.6,34,95,85,9,15,2,0,2,12,0,1,6,20,0.176,0.223,0.271,0.494,38,0.22,32,23,1,0,0,3,0,7/H98,,heywaja01,0.197,85.1,33.8
258,Brewer Hicklen,29,DET,AL,0.1,1,4,3,2,2,0,0,0,0,1,0,1,1,0.667,0.75,0.667,1.417,303,0.655,302,2,0,0,0,0,0,/8,,hicklbr01,1,88.9,50
259,Liam Hicks*,26,MIA,NL,1.2,68,210,179,19,50,9,1,4,30,0,0,23,31,0.279,0.37,0.408,0.778,116,0.347,117,73,3,4,2,2,0,2HD3,,hicksli01,0.315,84.3,27.2
260,Kyle Higashioka,35,TEX,AL,0.8,56,196,182,16,46,9,0,4,25,3,0,11,36,0.253,0.301,0.368,0.669,94,0.297,93,67,2,2,0,1,0,2D/H,,higasky01,0.294,90.6,41.1
261,Derek Hill,29,MIA,NL,0.8,33,100,90,14,19,4,0,2,7,6,0,7,37,0.211,0.276,0.322,0.598,66,0.277,56,29,1,1,2,0,0,8/HD,,hillde01,0.333,85.5,47.3
262,Sam Hilliard*,31,COL,NL,-0.2,20,61,51,8,10,3,1,2,3,2,1,10,23,0.196,0.328,0.412,0.74,98,0.326,97,21,1,0,0,0,0,/7H89D,,hillisa01,0.308,91.3,57.1
263,Rece Hinds,24,CIN,NL,-0.4,14,43,42,6,5,1,0,2,3,0,0,1,20,0.119,0.14,0.286,0.425,12,0.18,-7,12,1,0,0,0,0,9,,hindsre01,0.15,92.5,50
264,Keston Hiura,28,COL,NL,0,8,21,18,3,4,1,0,0,1,0,0,0,7,0.222,0.333,0.278,0.611,68,0.293,72,5,0,3,0,0,0,/3,,hiurake01,0.364,81.1,18.2
265,Nico Hoerner,28,CHC,NL,3.9,97,399,370,53,106,18,3,3,41,19,3,21,30,0.286,0.333,0.376,0.709,106,0.33,110,139,1,6,0,2,0,*4/6,,hoernni01,0.304,86.8,28.5
266,Jeff Hoffman,32,TOR,AL,0,2,0,0,0,0,0,0,0,0,0,0,0,0,,,,,,,,0,0,0,0,0,0,1,,hoffmje02,,,
267,Jackson Holliday*,21,BAL,AL,0.9,93,396,369,43,96,14,2,13,40,9,8,22,95,0.26,0.311,0.415,0.725,104,0.319,109,153,3,5,0,0,0,*4/6DH,,hollija01,0.318,89.9,45.1
268,Spencer Horwitz*,27,PIT,NL,-0.2,51,201,181,22,45,12,0,2,19,0,0,18,44,0.249,0.318,0.348,0.666,85,0.297,81,63,5,1,0,1,1,3/H,,horwisp01,0.316,87.4,40.1
269,Rhys Hoskins,32,MIL,NL,1,82,318,269,30,65,12,1,12,42,2,1,38,85,0.242,0.34,0.428,0.767,116,0.339,117,115,6,5,0,6,2,*3/HD,,hoskirh01,0.298,90.5,46.8
270,Brady House,22,WSN,NL,0.3,27,114,108,12,30,6,0,2,13,3,0,4,25,0.278,0.298,0.389,0.687,96,0.305,91,42,4,0,0,2,0,5,,housebr01,0.337,90,45.2
271,Sam Huff,27,SFG,NL,-0.2,20,58,53,5,11,1,0,2,4,0,0,4,25,0.208,0.259,0.34,0.598,72,0.265,69,18,2,0,0,1,0,2,,huffsa01,0.333,89.3,37.9
272,Cooper Hummel#,30,2TM,AL,-0.5,29,84,69,9,11,0,0,2,4,1,0,12,26,0.159,0.301,0.246,0.548,56,0.265,60,17,0,2,1,0,0,7/HD9,,hummeco01,0.22,90,38.6
273,Jacob Hurtubise*,27,CIN,NL,-0.1,12,15,12,3,1,0,0,0,0,0,0,1,6,0.083,0.267,0.083,0.35,2,0.204,10,1,0,2,0,0,0,/H79,,hurtuja01,0.167,89.3,16.7
274,Andy Ibáñez,32,DET,AL,0.1,46,106,94,14,20,4,0,2,15,3,0,7,14,0.213,0.292,0.319,0.612,72,0.278,67,30,5,4,0,1,0,5H/4D367,,ibanean01,0.228,88.5,34.6
275,Jose Iglesias,35,SDP,NL,-0.5,71,222,200,16,47,8,0,0,23,3,1,13,42,0.235,0.295,0.275,0.57,61,0.272,64,55,4,5,2,2,0,46H5/D7,,iglesjo01,0.294,82.9,25.5
276,Jonathan India,28,KCR,AL,-0.4,94,410,363,43,88,23,0,4,27,0,4,36,68,0.242,0.323,0.339,0.662,86,0.293,86,123,6,8,1,2,0,475D/H,,indiajo01,0.287,88.2,37.6
277,Kyle Isbel*,28,KCR,AL,0.8,88,265,243,27,62,10,4,3,18,2,1,10,50,0.255,0.281,0.366,0.648,80,0.278,71,89,3,0,9,3,0,*8/H,,isbelky01,0.306,82.5,33.8
278,Alex Jackson,29,BAL,AL,-0.1,8,16,16,3,3,2,0,1,2,0,0,0,7,0.188,0.188,0.5,0.688,86,0.283,79,8,0,0,0,0,0,/2H,,jacksal02,0.25,86,22.2
279,Drey Jameson,27,ARI,NL,0,1,0,0,0,0,0,0,0,0,0,0,0,0,,,,,,,,0,0,0,0,0,0,/1,,jamesdr01,,,
280,Travis Jankowski*,34,3TM,2LG,-0.3,25,50,45,8,11,2,0,0,2,2,0,3,12,0.244,0.286,0.289,0.575,63,0.261,53,13,0,0,1,1,0,9H/781D,,jankotr01,0.324,79.9,34.3
281,Danny Jansen,30,TBR,AL,2,70,246,212,28,45,8,0,11,29,0,0,29,62,0.212,0.314,0.406,0.72,101,0.319,103,86,3,3,1,1,0,*2/H,,janseda01,0.243,87.7,40.8
282,Kenley Jansen#,37,LAA,AL,0,1,0,0,0,0,0,0,0,0,0,0,0,0,,,,,,,,0,0,0,0,0,0,1,,janseke01,,,
283,Griffin Jax,30,MIN,AL,0,1,0,0,0,0,0,0,0,0,0,0,0,0,,,,,,,,0,0,0,0,0,0,1,,jaxgr01,,,
284,Ryan Jeffers,28,MIN,AL,0.7,81,307,268,31,69,19,0,7,34,0,0,34,53,0.257,0.352,0.407,0.759,109,0.334,109,109,8,5,0,0,1,2D/H,,jeffery01,0.298,89.7,43.9
285,Leo Jiménez,24,TOR,AL,-0.2,11,25,22,2,2,0,0,1,1,0,0,2,7,0.091,0.167,0.227,0.394,8,0.216,21,5,0,0,1,0,0,4/H6,,jimenle01,0.071,88.8,50
286,Connor Joe,32,2TM,NL,-0.6,36,77,68,2,13,4,0,0,4,2,2,7,19,0.191,0.26,0.25,0.51,40,0.226,32,17,2,0,0,2,0,9H7/3D8,,joeco01,0.255,89.4,38
287,Bryce Johnson#,29,SDP,NL,0.4,24,31,27,2,9,2,0,0,2,3,0,1,9,0.333,0.379,0.407,0.787,121,0.379,126,11,0,1,2,0,0,7/8H9,,johnsbr03,0.5,78.7,25
288,Daniel Johnson*,29,SFG,NL,0.1,14,31,29,5,5,2,0,1,1,1,0,2,8,0.172,0.226,0.345,0.571,63,0.258,59,10,0,0,0,0,0,/H897,,johnsda07,0.2,84.5,28.6
289,Greg Jones#,27,CHW,AL,0,3,2,2,0,0,0,0,0,0,1,0,0,2,0,0,0,0,-100,0.123,-132,0,0,0,0,0,0,/H9,,jonesgr02,,,
290,Jahmai Jones,27,DET,AL,0.4,29,57,50,6,13,5,0,3,7,0,0,6,10,0.26,0.351,0.54,0.891,145,0.378,144,27,1,1,0,0,0,HD/974,,jonesja08,0.27,92,55
291,Nolan Jones*,27,CLE,AL,-0.6,90,282,244,22,55,10,2,3,25,7,3,32,76,0.225,0.32,0.32,0.64,79,0.291,79,78,5,3,1,2,1,*98H/7D,,jonesno01,0.311,90.7,47.6
292,Aaron Judge,33,NYY,AL,7,101,451,370,89,128,24,2,36,82,6,3,73,118,0.346,0.455,0.714,1.168,220,0.471,220,264,10,4,0,4,27,*9D/H,AS,judgeaa01,0.418,95.1,56.3
293,Edouard Julien*,26,MIN,AL,-0.4,29,104,91,8,18,5,0,2,8,0,2,11,29,0.198,0.288,0.319,0.607,67,0.262,63,29,2,1,0,1,0,4/DH6,,julieed01,0.262,88.7,41.3
294,Jace Jung*,24,DET,AL,-0.5,18,53,45,8,5,0,0,0,3,0,0,7,15,0.111,0.245,0.111,0.356,5,0.188,6,5,2,1,0,0,0,5/H,,jungja01,0.167,88.5,40
295,Josh Jung,27,TEX,AL,0.6,77,303,284,29,69,10,1,9,36,4,1,17,74,0.243,0.29,0.38,0.671,94,0.296,93,108,6,2,0,0,0,*5/DH,,jungjo01,0.299,87.7,42.8
296,Tommy Kahnle,35,DET,AL,0,1,0,0,0,0,0,0,0,0,0,0,0,0,,,,,,,,0,0,0,0,0,0,1,,kahnlto01,,,
297,Niko Kavadas*,26,LAA,AL,0,1,1,1,0,0,0,0,0,0,0,0,0,0,0,0,0,0,-100,0,-136,0,0,0,0,0,0,/3H,,kavadni01,0,84.9,0
298,Luke Keaschall,22,MIN,AL,0.4,7,26,19,4,7,3,0,0,2,5,0,5,2,0.368,0.538,0.526,1.065,196,0.516,208,10,0,2,0,0,0,/D4,,keasclu01,0.412,90.8,41.2
299,DaShawn Keirsey Jr.*,28,MIN,AL,-1.2,61,73,70,7,7,0,0,1,4,6,3,2,25,0.1,0.137,0.143,0.28,-23,0.141,-32,10,1,1,0,0,0,9H78/D,,keirsda01,0.136,86.2,33.3
300,Colt Keith*,23,DET,AL,1,90,311,271,43,68,16,2,8,30,0,0,36,64,0.251,0.338,0.413,0.751,109,0.329,109,112,5,1,0,3,0,D43H5,,keithco01,0.297,89.8,44.8
301,Jarred Kelenic*,25,ATL,NL,-0.6,23,65,60,7,10,2,0,2,2,0,1,5,23,0.167,0.231,0.3,0.531,48,0.231,43,18,1,0,0,0,0,9/H7,,kelenja01,0.229,87.6,37.8
302,Carson Kelly,30,CHC,NL,3,66,250,213,38,59,11,1,13,35,0,0,33,38,0.277,0.372,0.521,0.893,156,0.389,158,111,7,1,0,3,0,2/HD,,kellyca02,0.279,90.1,43.8
303,Otto Kemp,25,PHI,NL,0.3,31,114,102,12,26,6,0,2,12,1,2,6,29,0.255,0.333,0.373,0.706,94,0.317,99,38,2,6,0,0,0,3/75H,,kempot01,0.338,90.7,46.6
304,Buddy Kennedy,26,PHI,NL,-0.1,4,8,7,0,0,0,0,0,0,0,0,1,2,0,0.125,0,0.125,-61,0.087,-68,0,0,0,0,0,0,/35DH,,kennebu01,0,74.2,0
305,Max Kepler*,32,PHI,NL,-0.2,89,328,285,36,59,14,0,11,32,1,0,38,65,0.207,0.305,0.372,0.677,86,0.3,81,106,7,3,0,2,2,*79H/8,,keplema01,0.227,90.8,44.3
306,Ha-Seong Kim,29,TBR,AL,0.3,10,35,31,3,7,1,0,1,3,4,1,4,8,0.226,0.314,0.355,0.669,88,0.311,87,11,0,0,0,0,0,/64,,kimha01,0.273,87,52.2
307,Hyeseong Kim*,26,LAD,NL,1.9,53,133,126,17,40,6,1,2,15,12,0,6,33,0.317,0.353,0.429,0.782,120,0.384,132,54,0,1,0,0,0,48H/6,,kimhy02,0.418,86.7,30.1
308,Isiah Kiner-Falefa,30,PIT,NL,1.5,88,315,292,27,80,12,2,1,24,12,3,15,51,0.274,0.317,0.339,0.656,83,0.31,87,99,4,4,3,1,0,*6/5,,kineris01,0.328,83.5,25.3
309,Scott Kingery,31,LAA,AL,-0.5,13,27,25,3,4,1,0,0,0,1,1,2,10,0.16,0.222,0.2,0.422,19,0.18,5,5,1,0,0,0,0,/468H9,,kingesc01,0.267,79.3,26.7
310,Alejandro Kirk,26,TOR,AL,1.6,85,336,303,27,92,11,0,7,46,0,0,28,33,0.304,0.36,0.409,0.769,113,0.337,113,124,8,1,0,4,2,*2/DH,AS,kirkal01,0.318,92.2,54.2
311,Andrew Kittredge,35,BAL,AL,0,1,0,0,0,0,0,0,0,0,0,0,0,0,,,,,,,,0,0,0,0,0,0,1,,kittran01,,,
312,Heston Kjerstad*,26,BAL,AL,-1.4,54,167,156,16,30,5,2,4,19,1,0,6,45,0.192,0.24,0.327,0.566,59,0.254,57,51,9,4,0,1,0,79/HD,,kjershe01,0.241,88.8,41.1
313,Andrew Knizner,30,SFG,NL,-0.2,16,46,43,7,8,0,0,1,2,0,0,2,6,0.186,0.222,0.256,0.478,38,0.257,63,11,0,0,1,0,0,2/DH,,kniznan01,0.194,84.2,18.4
314,Christian Koss,27,SFG,NL,1,41,108,98,12,26,3,0,2,12,2,0,5,25,0.265,0.305,0.357,0.662,91,0.321,106,35,2,1,3,1,0,4/5H61D,,kossch01,0.333,84.9,37.7
315,Ryan Kreidler,27,DET,AL,-0.2,17,44,38,5,4,0,0,0,0,2,0,4,19,0.105,0.19,0.105,0.296,-14,0.162,-27,4,0,0,2,0,0,8,,kreidry01,0.211,83.1,28.6
316,Nick Kurtz*,22,ATH,AL,2.4,63,256,224,39,63,14,2,19,49,2,1,28,82,0.281,0.357,0.616,0.973,164,0.405,164,138,4,0,0,3,1,3/D,,kurtzni01,0.349,93.3,53.1
317,Steven Kwan*,27,CLE,AL,2.8,94,415,369,44,105,20,1,6,32,11,2,36,35,0.285,0.348,0.393,0.741,106,0.33,105,145,2,3,1,6,1,*7/D8,AS,kwanst01,0.296,85,20.5
318,Shea Langeliers,27,ATH,AL,0.6,71,288,262,32,63,15,0,14,37,4,1,23,57,0.24,0.299,0.458,0.757,107,0.324,103,120,7,0,0,3,1,2/DH,,langesh01,0.253,90.5,44.9
319,Wyatt Langford,23,TEX,AL,2.7,81,350,310,42,72,11,0,15,38,15,4,35,97,0.232,0.311,0.413,0.724,109,0.324,111,128,6,2,0,3,2,*78,,langfwy01,0.284,90.8,46.3
320,Trevor Larnach*,28,MIN,AL,0.1,94,381,341,46,83,15,1,13,42,2,3,33,85,0.243,0.313,0.408,0.721,97,0.325,104,139,11,3,0,3,1,D97/H,,larnatr01,0.285,90.9,44.4
321,Ramón Laureano,30,BAL,AL,2.5,73,255,229,37,64,16,0,13,41,4,2,20,67,0.279,0.341,0.52,0.861,141,0.366,140,119,5,3,0,3,1,97/DH8,,laurera01,0.336,88.7,46.6
322,Jordan Lawlar,22,ARI,NL,-0.4,8,22,19,1,0,0,0,0,0,0,0,3,9,0,0.136,0,0.136,-57,0.095,-61,0,0,0,0,0,0,/4H56D,,lawlajo01,0,80.7,30
323,Jordan Leasure,26,CHW,AL,0,1,0,0,0,0,0,0,0,0,0,0,0,0,,,,,,,,0,0,0,0,0,0,1,,leasujo01,,,
324,Brooks Lee#,24,MIN,AL,-0.6,82,306,287,24,72,10,0,8,36,1,1,13,59,0.251,0.288,0.369,0.657,79,0.288,76,106,6,3,0,3,0,546/HD,,leebr02,0.287,88.7,39.4
325,Jung Hoo Lee*,26,SFG,NL,0.9,97,407,366,50,90,20,8,6,41,6,2,33,45,0.246,0.312,0.393,0.705,103,0.313,103,144,2,4,0,4,0,*8/HD,,leeju01,0.263,87,30.2
326,Korey Lee,26,CHW,AL,0.2,14,31,28,7,7,3,0,0,1,0,0,2,5,0.25,0.3,0.357,0.657,84,0.346,123,10,0,0,1,0,0,2/HD,,leeko01,0.304,81.6,25
327,Casey Legumina,28,SEA,AL,0,1,0,0,0,0,0,0,0,0,0,0,0,0,,,,,,,,0,0,0,0,0,0,1,,legumca01,,,
328,Jack Leiter,25,TEX,AL,0,1,1,1,0,0,0,0,0,0,0,0,0,1,0,0,0,0,-100,0,-127,0,0,0,0,0,0,1/H,,leiteja01,,,
329,DJ LeMahieu,36,NYY,AL,0.7,45,142,128,13,34,3,0,2,12,0,0,14,35,0.266,0.338,0.336,0.674,90,0.309,94,43,4,0,0,0,0,4/H,,lemahdj01,0.352,91.7,52.2
330,Sandy León#,36,ATL,NL,0,1,0,0,0,0,0,0,0,0,0,0,0,0,,,,,,,,0,0,0,0,0,0,/2,,leonsa01,,,
331,Royce Lewis,26,MIN,AL,0.4,46,169,154,17,35,7,0,4,18,1,0,14,23,0.227,0.29,0.351,0.641,76,0.292,77,54,4,0,0,1,0,5/DH,,lewisro02,0.242,91.4,45.5
332,Daylen Lile*,22,WSN,NL,-0.8,38,141,129,17,29,6,2,2,11,3,4,8,24,0.225,0.279,0.349,0.627,79,0.288,90,45,3,2,0,1,0,9/H7,,lileda01,0.26,89.2,39.6
333,Francisco Lindor#,31,NYM,NL,2.6,100,453,404,64,99,18,0,19,55,16,2,33,82,0.245,0.313,0.431,0.744,113,0.331,112,174,5,10,0,6,2,*6/DH,AS,lindofr01,0.259,89.6,43.4
334,Trey Lipscomb,25,WSN,NL,0.1,3,4,4,1,2,0,0,0,0,0,0,0,1,0.5,0.5,0.5,1,189,0.427,183,2,0,0,0,0,0,/356H,,lipsctr01,0.667,90.8,33.3
335,Brandon Lockridge,28,SDP,NL,-0.2,47,95,88,9,19,4,0,0,5,8,1,4,24,0.216,0.258,0.261,0.519,46,0.248,36,23,2,1,2,0,0,78H/9,,lockrbr01,0.297,84.3,27.3
336,Nick Loftin,26,KCR,AL,-0.3,37,118,111,12,24,5,2,3,13,1,1,4,18,0.216,0.254,0.378,0.633,74,0.267,65,42,4,2,0,1,0,74/5HD,,loftini01,0.231,89.1,33.3
337,Joey Loperfido*,26,TOR,AL,0,10,31,29,2,9,1,0,1,6,0,0,2,5,0.31,0.355,0.448,0.803,121,0.348,121,13,0,0,0,0,0,/79H,,loperjo01,0.348,84.9,33.3
338,Nicky Lopez*,30,2TM,2LG,-0.5,18,28,24,2,1,0,0,0,1,0,0,4,4,0.042,0.179,0.042,0.22,-32,0.128,-31,1,1,0,0,0,0,5/6H147D,,lopezni01,0.05,84.8,40
339,Otto López,26,MIA,NL,2.9,84,350,314,43,79,11,0,11,52,10,3,33,46,0.252,0.326,0.392,0.717,98,0.334,106,123,5,2,0,1,2,64/D,,lopezot01,0.264,88.3,37.8
340,Brandon Lowe*,30,TBR,AL,1.2,86,350,323,55,87,11,0,19,50,3,1,24,89,0.269,0.32,0.48,0.8,121,0.349,124,155,3,1,0,2,1,*4/HD,AS,lowebr01,0.313,92.1,47
341,Josh Lowe*,27,TBR,AL,0.7,56,228,204,32,48,12,0,6,22,6,3,21,46,0.235,0.308,0.382,0.691,93,0.305,93,78,4,1,1,1,1,9/HD,,lowejo01,0.275,88.8,43.3
342,Nathaniel Lowe*,29,WSN,NL,0,101,422,382,47,87,15,2,15,62,1,0,37,115,0.228,0.296,0.395,0.691,97,0.305,95,151,5,1,0,2,0,*3/DH,,lowena01,0.283,89.4,41.4
343,Matthew Lugo,24,LAA,AL,-0.1,17,43,42,6,10,2,1,3,6,0,0,0,16,0.238,0.256,0.548,0.803,115,0.334,110,23,2,1,0,0,0,8/H79,,lugoma01,0.304,90.1,61.5
344,Nathan Lukes*,30,TOR,AL,1,75,233,198,28,52,7,0,5,33,1,2,26,29,0.263,0.352,0.374,0.726,102,0.321,103,74,8,2,6,1,2,*978H,,lukesna01,0.285,85.9,34.9
345,Gavin Lux*,27,CIN,NL,0.3,88,325,287,31,79,17,1,4,40,1,0,38,78,0.275,0.36,0.383,0.743,103,0.334,103,110,3,0,0,0,0,7D4/H5,,luxga01,0.366,88.8,38.8
346,Daniel Lynch IV*,28,KCR,AL,0,1,0,0,0,0,0,0,0,0,0,0,0,0,,,,,,,,0,0,0,0,0,0,1,,lynchda02,,,
347,Manny Machado,32,SDP,NL,2.7,101,430,386,60,109,23,0,18,60,8,2,39,74,0.282,0.344,0.482,0.826,128,0.357,125,186,11,0,0,5,2,*5D,AS,machama01,0.304,92.7,51.1
348,Willie MacIver,28,ATH,AL,0.2,16,52,49,4,12,4,0,2,4,2,0,3,11,0.245,0.288,0.449,0.737,101,0.322,96,22,1,0,0,0,0,1-Feb,,macivwi01,0.278,87.2,42.1
349,Luke Maile,34,KCR,AL,0.2,6,10,8,2,3,0,0,1,1,0,0,2,1,0.375,0.5,0.75,1.25,244,0.519,247,6,0,0,0,0,0,/2,,mailelu01,0.333,96.3,50
350,Martín Maldonado,38,SDP,NL,-0.5,59,149,137,10,26,6,0,4,12,0,0,7,55,0.19,0.229,0.321,0.55,52,0.249,47,44,3,0,5,0,0,2,,maldoma01,0.282,80.9,27.9
351,Justyn-Henry Malloy,25,DET,AL,-0.2,46,118,96,13,20,4,0,1,16,0,0,19,31,0.208,0.339,0.281,0.62,77,0.293,82,27,1,1,0,2,0,DH9/7,,malloju02,0.288,86.5,29.9
352,Jake Mangum#,29,TBR,AL,0.8,65,244,229,25,68,10,1,2,28,14,3,13,32,0.297,0.337,0.376,0.713,101,0.315,94,86,3,1,1,0,0,789/H,,manguja01,0.338,86.9,36.8
353,Joe Mantiply,34,ARI,NL,0,1,0,0,0,0,0,0,0,0,0,0,0,0,,,,,,,,0,0,0,0,0,0,1,,mantijo01,,,
354,Kyle Manzardo*,24,CLE,AL,0.2,85,312,277,28,61,12,2,16,40,1,0,29,77,0.22,0.295,0.451,0.746,103,0.321,100,125,5,2,0,4,1,D3H,,manzaky01,0.239,89.3,40.7
355,Rafael Marchán#,26,PHI,NL,0,25,72,63,5,11,2,0,1,6,0,0,7,12,0.175,0.268,0.254,0.522,45,0.245,42,16,1,1,1,0,0,2,,marchra01,0.2,83.7,19.2
356,Manuel Margot,30,DET,AL,-0.1,6,20,19,1,6,0,0,0,3,0,0,0,6,0.316,0.3,0.316,0.616,73,0.263,61,6,0,0,0,1,0,/9H,,margoma01,0.429,80,15.4
357,Brandon Marsh*,27,PHI,NL,-0.4,79,245,215,31,53,10,1,3,21,5,1,24,63,0.247,0.318,0.344,0.662,83,0.304,82,74,1,0,2,3,0,*87H/9,,marshbr02,0.329,90.5,48.1
358,Ketel Marte#,31,ARI,NL,3,70,306,260,53,74,14,0,19,40,2,1,41,47,0.285,0.389,0.558,0.947,160,0.403,159,145,7,4,0,1,4,4/DH,AS,marteke01,0.282,91.1,46.9
359,Noelvi Marté,23,CIN,NL,0.8,33,125,115,16,32,5,1,6,25,5,2,8,21,0.278,0.328,0.496,0.824,120,0.378,133,57,2,1,0,1,0,5/9HD,,marteno01,0.292,90,37.2
360,Starling Marte,36,NYM,NL,0.7,58,188,163,22,44,7,0,4,20,5,2,14,33,0.27,0.353,0.387,0.739,115,0.335,119,63,3,8,1,2,0,DH/79,,martest01,0.313,86.2,40.2
361,Ángel Martínez#,23,CLE,AL,0,84,309,291,38,74,19,1,9,38,6,2,9,66,0.254,0.278,0.419,0.697,90,0.302,86,122,6,2,3,4,0,84/H97,,martian02,0.295,86.2,30.2
362,Justin Martínez,23,ARI,NL,0,2,0,0,0,0,0,0,0,0,0,0,0,0,,,,,,,,0,0,0,0,0,0,1,,martiju01,,,
363,Nick Martini*,35,COL,NL,-0.3,43,111,102,9,23,4,0,1,4,0,0,9,18,0.225,0.288,0.294,0.582,58,0.267,54,30,1,0,0,0,1,D9H/7,,martini02,0.265,85.7,31.3
364,Michael Massey*,27,KCR,AL,-0.9,56,209,198,10,40,5,0,2,14,1,0,5,32,0.202,0.221,0.258,0.479,34,0.209,20,51,3,1,1,4,0,4/7DH,,massemi02,0.226,86,31
365,Miles Mastrobuoni*,29,SEA,AL,0.1,70,168,146,19,37,3,0,1,12,5,3,17,28,0.253,0.329,0.295,0.624,86,0.281,87,43,2,0,4,1,0,H549/71,,mastrmi01,0.305,86.7,37.7
366,Jorge Mateo,30,BAL,AL,-0.5,31,65,61,7,11,3,0,1,3,14,1,4,23,0.18,0.231,0.279,0.509,44,0.271,39,17,1,0,0,0,0,6H/84D517,,mateojo01,0.27,88,36.8
367,Nick Maton*,28,CHW,AL,-0.1,25,63,54,5,9,2,0,2,4,0,1,9,19,0.167,0.286,0.315,0.601,69,0.265,69,17,0,0,0,0,0,D/H3479,,matonni01,0.212,89,37.1
368,Phil Maton,32,STL,NL,0,1,0,0,0,0,0,0,0,0,0,0,0,0,,,,,,,,0,0,0,0,0,0,1,,matonph01,,,
369,Luis Matos,23,SFG,NL,-0.3,34,106,100,12,17,6,0,5,12,2,0,6,17,0.17,0.217,0.38,0.597,69,0.262,63,38,4,0,0,0,0,9/78HD,,matoslu02,0.154,88.1,36.1
370,Brice Matthews,23,HOU,AL,0.3,6,24,20,5,4,0,0,3,7,0,0,2,9,0.2,0.304,0.65,0.954,157,0.395,159,13,0,1,1,0,0,/45,,matthbr01,0.125,90.6,66.7
371,Tyler Matzek*,34,NYY,AL,0,2,0,0,0,0,0,0,0,0,0,0,0,0,,,,,,,,0,0,0,0,0,0,/1,,matzety01,,,
372,Ronny Mauricio#,24,NYM,NL,0.4,33,115,105,15,23,4,0,4,6,3,0,9,32,0.219,0.287,0.371,0.658,89,0.304,92,39,4,1,0,0,1,5/4H6D,,mauriro01,0.275,89.9,41.7
373,Marcelo Mayer*,22,BOS,AL,0.3,43,134,126,19,29,8,1,4,10,0,2,7,40,0.23,0.269,0.405,0.673,84,0.289,84,51,2,0,0,1,0,5/4H6,,mayerma01,0.301,90,51.7
374,Coby Mayo,23,BAL,AL,-0.6,29,92,83,9,17,5,0,1,9,1,0,9,22,0.205,0.283,0.301,0.584,67,0.266,65,25,2,0,0,0,0,3/DH5,,mayoco01,0.267,88.1,41.7
375,James McCann,35,ARI,NL,0.7,12,40,32,7,12,2,0,2,5,0,0,7,8,0.375,0.5,0.625,1.125,212,0.478,211,20,1,1,0,0,0,2/H,,mccanja02,0.455,93.6,58.3
376,Jake McCarthy*,27,ARI,NL,-0.6,31,105,93,7,13,1,1,2,9,3,0,9,17,0.14,0.221,0.237,0.458,28,0.218,21,22,1,1,1,1,0,8/79HD,,mccarja02,0.147,82.1,25.6
377,Chas McCormick,30,HOU,AL,-0.6,40,67,57,9,14,2,0,0,2,2,3,5,18,0.246,0.317,0.281,0.598,70,0.254,63,16,1,1,4,0,0,978/HD,,mccorch01,0.359,77.8,23.8
378,Mason McCoy,30,SDP,NL,-0.2,4,5,5,0,0,0,0,0,0,0,0,0,3,0,0,0,0,-100,0,-130,0,0,0,0,0,0,/H4D,,mccoyma01,0,64.7,0
379,Carson McCusker,27,MIN,AL,-0.2,5,6,6,0,1,0,0,0,0,0,0,0,4,0.167,0.167,0.167,0.333,-8,0.149,-27,1,0,0,0,0,0,/9H,,mccusca01,0.5,59.8,0
380,Andrew McCutchen,38,PIT,NL,0.5,89,362,317,32,81,15,0,8,31,1,1,38,76,0.256,0.336,0.379,0.715,98,0.319,98,120,5,2,0,3,1,*D/9H7,,mccutan01,0.309,89.5,45
381,Reese McGuire*,30,CHC,NL,0.4,21,70,67,10,14,1,0,5,10,0,0,2,14,0.209,0.232,0.448,0.68,91,0.287,84,30,1,0,1,0,0,2/H,,mcguire01,0.188,84.2,40.7
382,Billy McKinney*,30,TEX,AL,-0.1,2,8,7,1,1,0,0,0,0,0,0,1,1,0.143,0.25,0.143,0.393,19,0.197,22,1,0,0,0,0,0,/7D,,mckinbi01,0.167,85.3,16.7
383,Zach McKinstry*,30,DET,AL,2.4,93,349,304,49,83,14,8,8,32,16,3,36,72,0.273,0.353,0.451,0.804,123,0.356,123,137,3,4,1,4,1,5976/H4D3,AS,mckinza01,0.329,85.6,32.1
384,Matt McLain,25,CIN,NL,0.5,92,379,335,49,73,11,0,11,35,14,1,37,101,0.218,0.304,0.349,0.653,78,0.305,77,117,6,5,1,1,0,*4/6DH,,mclaima01,0.277,87.9,40.8
385,Ryan McMahon*,30,COL,NL,1.4,99,397,347,41,76,15,1,16,35,2,1,48,125,0.219,0.315,0.406,0.721,93,0.316,89,141,4,1,0,1,1,*5/HD,,mcmahry01,0.29,92.3,50.5
386,Jeff McNeil*,33,NYM,NL,1.6,68,249,211,22,53,8,4,9,32,1,0,29,27,0.251,0.351,0.455,0.806,132,0.356,134,96,4,5,1,3,3,48/7H9D,,mcneije01,0.247,86.3,31.4
387,Curtis Mead,24,TBR,AL,0.4,49,132,115,14,26,2,1,3,8,4,1,12,33,0.226,0.318,0.339,0.657,85,0.305,90,39,4,4,0,1,0,34H/5D,,meadcu01,0.288,89.2,39.5
388,Parker Meadows*,25,DET,AL,-0.1,35,128,116,13,22,3,1,2,9,3,0,12,38,0.19,0.266,0.284,0.55,54,0.254,50,33,0,0,0,0,0,8/H,,meadopa01,0.263,85.1,29.9
389,Chase Meidroth,23,CHW,AL,0.9,76,320,283,32,71,11,0,2,13,11,3,32,42,0.251,0.332,0.311,0.643,83,0.302,87,88,8,3,1,1,0,64/H,,meidrch01,0.288,88.2,37.8
390,Juan Mejia,24,COL,NL,0,2,0,0,0,0,0,0,0,0,0,0,0,0,,,,,,,,0,0,0,0,0,0,1,,mejiaju01,,,
391,MJ Melendez*,26,KCR,AL,-0.4,16,52,47,4,4,1,0,1,1,0,0,3,20,0.085,0.173,0.17,0.343,-3,0.165,-11,8,0,2,0,0,0,7/9HD,,melenmj01,0.115,90.1,44.4
392,Jacob Melton*,24,HOU,AL,0.2,11,31,29,3,7,0,1,0,6,3,0,2,12,0.241,0.29,0.31,0.601,69,0.285,60,9,1,0,0,0,0,/789H,,meltoja01,0.412,91.5,58.8
393,Jackson Merrill*,22,SDP,NL,1.4,68,289,259,35,67,13,2,7,35,1,2,23,62,0.259,0.323,0.405,0.728,103,0.319,101,105,3,3,1,3,1,*8,,merrija01,0.311,88.2,38.8
394,Matt Mervis*,27,MIA,NL,-0.7,42,134,120,15,21,4,0,7,14,0,0,11,50,0.175,0.254,0.383,0.637,74,0.289,76,46,1,2,0,1,1,3D/H,,mervima01,0.219,88.3,38
395,Víctor Mesa Jr.*,23,MIA,NL,0,4,10,7,1,1,0,0,0,1,0,0,2,1,0.143,0.333,0.143,0.476,39,0.255,47,1,0,0,1,0,0,/8,,mesavi01,0.167,83.2,28.6
396,Jake Meyers,29,HOU,AL,2.7,89,322,289,47,89,15,2,3,21,14,5,27,58,0.308,0.369,0.405,0.774,117,0.348,121,117,8,2,2,2,0,*8/H,,meyerja02,0.374,87.8,39.1
397,Drew Millas#,27,WSN,NL,0,6,15,12,2,3,1,0,0,3,1,0,2,1,0.25,0.357,0.333,0.69,100,0.336,106,4,0,0,1,0,0,/2H,,milladr01,0.273,75.1,8.3
398,Owen Miller,28,COL,NL,0,9,17,14,0,2,0,0,0,1,1,0,2,4,0.143,0.294,0.143,0.437,24,0.246,28,2,0,1,0,0,0,/4H5D,,milleow01,0.2,76.7,22.2
399,Shelby Miller,34,ARI,NL,0,2,0,0,0,0,0,0,0,0,0,0,0,0,,,,,,,,0,0,0,0,0,0,1,,millesh01,,,
400,Hoby Milner*,34,TEX,AL,0,2,0,0,0,0,0,0,0,0,0,0,0,0,,,,,,,,0,0,0,0,0,0,1,,milneho01,,,
401,José Miranda,27,MIN,AL,-0.3,12,36,36,2,6,0,0,1,5,0,0,0,13,0.167,0.167,0.25,0.417,13,0.178,-6,9,0,0,0,0,0,5/H,,miranjo01,0.227,88.5,43.5
402,Kameron Misner*,27,TBR,AL,0.6,71,217,197,27,42,9,1,5,22,8,1,16,69,0.213,0.273,0.345,0.618,73,0.28,69,68,1,1,1,2,0,89/7HD,,misneka01,0.296,86,29.8
403,Garrett Mitchell*,26,MIL,NL,0,25,78,68,9,14,4,1,0,3,3,0,7,25,0.206,0.286,0.294,0.58,65,0.27,60,20,0,1,1,1,0,8/H,,mitchga01,0.318,87.8,42.2
404,Andruw Monasterio,28,MIL,NL,0.1,31,53,48,9,9,2,0,1,5,1,0,5,12,0.188,0.264,0.292,0.556,58,0.274,67,14,1,0,0,0,0,6/3H54,,monasan01,0.229,84.4,30.6
405,Yoán Moncada#,30,LAA,AL,0.2,39,146,126,21,29,6,1,8,22,0,0,17,37,0.23,0.329,0.484,0.813,122,0.353,124,61,1,2,0,1,0,5/H,,moncayo01,0.256,91.7,44.4
406,Mickey Moniak*,27,COL,NL,0.6,84,271,251,38,69,11,6,15,38,5,2,17,65,0.275,0.325,0.546,0.871,130,0.369,126,137,1,2,0,1,1,*98DH/7,,moniami01,0.314,89.7,47.6
407,Coco Montes,28,TBR,AL,0.1,5,10,10,0,2,0,0,0,1,0,0,0,3,0.2,0.2,0.2,0.4,13,0.179,0,2,0,0,0,0,0,/457,,monteco01,0.286,90.2,42.9
408,Colson Montgomery*,23,CHW,AL,0.8,15,53,46,4,12,1,1,1,7,0,0,6,14,0.261,0.346,0.391,0.737,107,0.339,117,18,3,0,0,0,0,/65,,montgco01,0.355,78.3,21.9
409,Christian Moore,22,LAA,AL,0.1,18,64,53,8,10,0,1,3,8,0,0,8,20,0.189,0.302,0.396,0.698,92,0.304,88,21,0,1,1,1,0,4/H,,moorech03,0.226,84.7,31.4
410,Dylan Moore,32,SEA,AL,0.7,74,193,176,27,36,4,0,9,19,10,4,15,66,0.205,0.264,0.381,0.645,87,0.291,91,67,1,0,0,2,0,H4953/6D8,,mooredy01,0.262,84.5,33.9
411,Christopher Morel,26,TBR,AL,0,68,197,178,28,38,11,0,7,19,5,2,17,66,0.213,0.289,0.393,0.683,90,0.311,96,70,2,2,0,0,0,7H/9D,,morelch01,0.295,91.3,47.3
412,Gabriel Moreno,25,ARI,NL,0.5,53,188,174,29,47,8,1,5,20,1,1,13,32,0.27,0.324,0.414,0.738,104,0.321,101,72,4,1,0,0,0,2/H,,morenga01,0.307,91.3,47.2
413,Ryan Mountcastle,28,BAL,AL,0.1,52,200,187,19,46,13,0,2,15,1,0,8,46,0.246,0.28,0.348,0.628,78,0.298,90,65,6,2,0,3,0,3/DH,,mountry01,0.31,90.5,46.5
414,Cedric Mullins*,30,BAL,AL,-0.5,84,328,291,38,62,14,0,13,42,14,3,32,82,0.213,0.294,0.395,0.689,94,0.307,93,115,2,2,1,2,0,*8/DH,,mullice01,0.247,86.6,36.5
415,Max Muncy*,34,LAD,NL,2.8,81,315,256,39,64,10,2,13,55,4,0,51,69,0.25,0.375,0.457,0.832,134,0.367,133,117,4,3,0,5,1,*5/H,,muncyma01,0.285,91.5,53.1
416,Max Muncy,22,ATH,AL,0,59,213,200,17,43,7,0,9,23,1,1,9,65,0.215,0.258,0.385,0.643,76,0.279,72,77,1,3,0,1,0,54/6H,,muncyma02,0.268,86.2,32.6
417,Sean Murphy,30,ATL,NL,2.5,65,243,212,27,50,9,0,16,38,0,0,22,76,0.236,0.325,0.505,0.83,129,0.359,128,107,4,7,0,2,1,2/HD,,murphse01,0.279,90.1,46.7
418,Dane Myers,29,MIA,NL,0.8,71,236,220,22,58,8,0,4,23,14,5,13,53,0.264,0.309,0.355,0.664,84,0.303,83,78,8,2,0,1,0,*89/H7,,myersda01,0.329,90.4,39.3
419,Carlos Narváez,26,BOS,AL,3.1,77,299,266,38,70,19,0,8,31,1,1,31,75,0.263,0.338,0.425,0.763,111,0.33,109,113,7,0,0,2,0,*2/HD,,narvaca01,0.335,91.2,43
420,Omar Narváez*,33,CHW,AL,0,4,10,7,1,2,0,0,0,3,0,0,2,1,0.286,0.4,0.286,0.686,98,0.306,93,2,0,0,0,1,0,/2,,narvaom01,0.286,87.2,14.3
421,Bo Naylor*,25,CLE,AL,0.4,76,260,224,30,38,9,1,10,21,1,2,33,69,0.17,0.274,0.353,0.627,73,0.28,73,79,4,0,1,2,0,*2/H,,naylobo01,0.19,87.7,36.1
422,Josh Naylor*,28,ARI,NL,1.1,92,390,345,49,101,19,1,11,58,11,2,37,49,0.293,0.361,0.449,0.81,125,0.359,124,155,14,2,0,4,4,*3D/H,,naylojo01,0.311,89,40.8
423,Ryne Nelson,27,ARI,NL,0.1,1,1,1,1,1,0,0,0,1,0,0,0,0,1,1,1,2,461,0.903,527,1,0,0,0,0,0,1/H,,nelsory01,1,89.8,0
424,Zach Neto,24,LAA,AL,3.4,82,354,328,65,91,19,1,15,35,18,8,19,91,0.277,0.328,0.479,0.806,120,0.351,122,157,5,6,0,1,2,*6/H,,netoza01,0.341,90.4,47.1
425,Kevin Newman,31,LAA,AL,-0.9,50,105,103,10,21,2,0,1,8,1,0,1,20,0.204,0.212,0.252,0.464,28,0.222,26,26,4,0,1,0,0,56/4H13,,newmake01,0.244,85.8,29.8
426,Tomás Nido,31,DET,AL,-0.1,10,37,35,4,12,0,0,0,2,0,0,0,10,0.343,0.361,0.343,0.704,99,0.315,98,12,1,1,1,0,0,1-Feb,,nidoto01,0.48,84.5,34.6
427,Brandon Nimmo*,32,NYM,NL,2.6,98,405,365,49,95,18,0,18,56,11,1,32,79,0.26,0.326,0.458,0.783,124,0.347,124,167,5,5,0,3,1,*7/D8H,,nimmobr01,0.284,91.9,50.2
428,Ryan Noda*,29,CHW,AL,-0.3,16,45,34,3,3,0,0,1,1,0,0,10,19,0.088,0.295,0.176,0.472,38,0.233,36,6,0,0,1,0,1,3/D9H,,nodary01,0.143,83.6,31.3
429,Jhonkensy Noel,23,CLE,AL,-1.3,49,111,107,12,15,2,0,2,9,0,0,3,35,0.14,0.162,0.215,0.377,4,0.172,-8,23,4,0,0,1,0,9H/7D,,noeljh01,0.183,89,38.4
430,Austin Nola,35,COL,NL,-0.1,6,22,21,1,4,0,0,0,0,0,0,0,3,0.19,0.19,0.19,0.381,4,0.172,-19,4,2,0,1,0,0,/2,,nolaau01,0.222,86.2,47.4
431,Lars Nootbaar*,27,STL,NL,1.2,88,386,331,50,75,15,0,12,37,4,4,48,83,0.227,0.332,0.381,0.712,101,0.316,101,126,4,5,0,2,2,*79/8DH,,nootbla01,0.265,91.6,51.6
432,Connor Norby,25,MIA,NL,0.1,72,273,253,33,61,11,1,6,26,7,2,14,73,0.241,0.289,0.364,0.653,80,0.307,87,92,2,4,0,2,0,*5/HD,,norbyco01,0.313,88.2,37.4
433,Dom Nuñez*,30,CLE,AL,0,2,7,7,2,2,0,0,0,0,0,0,0,4,0.286,0.286,0.286,0.571,60,0.227,32,2,0,0,0,0,0,/2,,nunezdo01,0.667,63.2,0
434,Nasim Nuñez#,24,WSN,NL,0.1,23,49,43,6,8,2,0,0,5,7,1,5,10,0.186,0.271,0.233,0.503,47,0.261,46,10,1,0,1,0,0,6/4H8,,nunezna01,0.242,83.8,32.4
435,Ryan O'Hearn*,31,BAL,AL,1.9,87,336,289,40,81,14,0,12,36,3,1,40,56,0.28,0.375,0.453,0.828,135,0.361,136,131,8,5,0,2,3,3D9/H7,AS,ohearry01,0.309,91.1,48.5
436,Logan O'Hoppe,25,LAA,AL,0.9,81,313,296,29,72,4,1,18,38,2,1,14,100,0.243,0.281,0.446,0.727,98,0.317,98,132,7,2,0,1,0,2/HD,,ohopplo01,0.302,91.8,53.3
437,Tyler O'Neill,30,BAL,AL,-0.3,33,129,113,12,20,5,1,3,11,2,0,11,33,0.177,0.264,0.319,0.582,65,0.264,63,36,2,3,0,2,1,9/DH7,,oneilty01,0.215,87.4,36.6
438,Shohei Ohtani*,30,LAD,NL,4.2,100,460,391,95,107,12,7,36,69,13,4,63,117,0.274,0.377,0.616,0.993,175,0.415,170,241,5,3,0,2,11,*D/1,AS,ohtansh01,0.296,94.9,59.4
439,Matt Olson*,31,ATL,NL,3.8,100,443,379,56,101,25,0,18,64,0,0,59,105,0.266,0.366,0.475,0.841,134,0.365,133,180,11,2,0,3,2,*3,AS,olsonma02,0.32,93.8,54.2
440,Jonathan Ornelas,25,TEX,AL,0,4,6,5,0,0,0,0,0,0,0,0,1,3,0,0.167,0,0.167,-45,0.114,-39,0,0,0,0,0,0,/64,,orneljo01,0,57.8,0
441,Tirso Ornelas*,25,SDP,NL,-0.3,7,16,14,0,1,0,0,0,1,0,0,2,2,0.071,0.188,0.071,0.259,-23,0.144,-26,1,1,0,0,0,0,/7H8D,,ornelti01,0.083,90.5,41.7
442,Kaleb Ort,33,HOU,AL,0,1,0,0,0,0,0,0,0,0,0,0,0,0,,,,,,,,0,0,0,0,0,0,1,,ortka01,,,
443,Joey Ortiz,26,MIL,NL,-0.4,98,337,309,40,66,10,0,7,30,9,3,20,55,0.214,0.268,0.314,0.582,65,0.264,61,97,9,3,5,0,0,*6/H,,ortizjo06,0.239,84.1,33.7
444,Alejandro Osuna*,22,TEX,AL,0,29,82,67,7,11,1,0,1,5,3,3,12,18,0.164,0.293,0.224,0.517,54,0.233,55,15,0,1,0,2,1,7/D9H8,,osunaal02,0.2,89.6,46
445,James Outman*,28,LAD,NL,0.1,17,41,36,7,4,1,0,2,4,0,0,4,17,0.111,0.22,0.306,0.525,46,0.238,43,11,0,1,0,0,0,8/H9,,outmaja01,0.118,87,36.8
446,Tyler Owens,24,DET,AL,0,1,0,0,0,0,0,0,0,0,0,0,0,0,,,,,,,,0,0,0,0,0,0,/1,,owensty01,,,
447,Marcell Ozuna,34,ATL,NL,1,92,394,323,37,76,11,0,13,42,0,0,64,89,0.235,0.361,0.39,0.751,112,0.344,118,126,8,2,0,4,2,*D/H,,ozunama01,0.28,91.1,49.4
448,Andy Pages,24,LAD,NL,3.1,98,396,368,48,105,16,1,19,63,8,4,19,83,0.285,0.326,0.489,0.815,126,0.35,123,180,4,5,0,4,0,*897,,pagesan01,0.319,88.8,38.3
449,Pedro Pagés,26,STL,NL,0.1,78,261,241,26,50,10,0,6,29,0,0,14,66,0.207,0.252,0.324,0.576,61,0.257,56,78,7,1,3,2,0,*2/34,,pagespe02,0.257,87.7,39
450,Joshua Palacios*,29,CHW,AL,-1.1,51,145,128,11,26,4,0,3,9,0,0,12,36,0.203,0.292,0.305,0.596,68,0.277,71,39,0,4,1,0,0,97/HD,,palacjo01,0.258,86.3,40.2
451,Richie Palacios*,28,TBR,AL,0.2,1,4,4,1,3,1,0,0,0,1,0,0,0,0.75,0.75,1,1.75,387,0.819,422,4,0,0,0,0,0,/79,,palacri01,0.75,88.6,25
452,Andre Pallante,26,STL,NL,0,1,0,0,0,0,0,0,0,0,0,0,0,0,,,,,,,,0,0,0,0,0,0,1,,pallaan01,,,
453,Isaac Paredes,26,HOU,AL,2.8,94,409,351,51,91,15,1,19,50,0,1,49,67,0.259,0.359,0.47,0.829,130,0.363,134,165,8,7,0,2,0,*5/DH,AS,paredis01,0.27,87.3,33.5
454,Kyren Paris,23,LAA,AL,0.6,44,140,126,20,24,4,1,6,11,7,1,10,59,0.19,0.266,0.381,0.647,77,0.304,82,48,1,3,0,0,0,84/H7D,,parisky01,0.295,88.9,48.5
455,Vinnie Pasquantino*,27,KCR,AL,1.1,100,423,387,38,102,14,1,15,57,1,0,29,72,0.264,0.322,0.421,0.743,106,0.327,107,163,4,5,0,2,3,*3D,,pasquvi01,0.288,90.4,43.7
456,Graham Pauley*,24,MIA,NL,-0.3,33,106,96,7,20,6,0,0,5,1,0,8,23,0.208,0.267,0.271,0.537,50,0.245,42,26,1,0,1,1,0,5/438,,paulegr01,0.27,85.7,38.7
457,Joc Pederson*,33,TEX,AL,-0.8,46,146,122,10,16,5,1,2,6,1,0,20,28,0.131,0.269,0.238,0.507,50,0.24,52,29,4,3,0,0,0,D/H3,,pederjo01,0.152,90.5,44.1
458,Liover Peguero,24,PIT,NL,0,5,11,10,0,2,0,0,0,0,0,0,0,3,0.2,0.273,0.2,0.473,34,0.23,34,2,0,1,0,0,0,/64,,pegueli01,0.286,89,57.1
459,Jeremy Peña,27,HOU,AL,4.4,82,350,317,48,102,18,1,11,40,15,2,20,55,0.322,0.378,0.489,0.867,141,0.38,141,155,6,10,1,2,1,*6/DH,AS,penaje02,0.36,87.8,41.7
460,Oswald Peraza,25,NYY,AL,-0.1,68,166,154,17,23,5,0,3,13,2,0,11,46,0.149,0.211,0.24,0.451,26,0.214,22,37,3,1,0,0,0,54/6HD,,perazos02,0.19,87.2,39.3
461,Geraldo Perdomo#,25,ARI,NL,2.8,101,448,371,55,102,20,2,10,72,15,3,59,51,0.275,0.375,0.42,0.796,122,0.358,123,156,6,6,3,9,0,*6/H,,perdoge01,0.288,86.3,32.7
462,Jhonny Pereda,29,ATH,AL,0.1,17,46,40,3,7,2,0,0,3,0,0,6,13,0.175,0.283,0.225,0.508,45,0.258,56,9,0,0,0,0,0,2/1H,,peredjh01,0.259,89.2,48.1
463,Cionel Pérez,29,BAL,AL,0,1,0,0,0,0,0,0,0,0,0,0,0,0,,,,,,,,0,0,0,0,0,0,1,,perezci01,,,
464,Salvador Perez,35,KCR,AL,0.4,97,402,376,32,95,26,0,17,60,0,0,18,77,0.253,0.295,0.457,0.752,106,0.321,103,172,10,5,0,1,3,23D,,perezsa02,0.276,90.7,45.3
465,Wenceel Pérez#,25,DET,AL,0.1,43,158,144,23,36,7,2,7,20,2,0,11,33,0.25,0.31,0.472,0.782,115,0.336,111,68,2,2,0,1,0,9/8H7,,perezwe01,0.276,89.9,38.4
466,Blake Perkins#,28,MIL,NL,0.1,5,14,12,2,3,0,1,0,0,1,0,2,5,0.25,0.357,0.417,0.774,119,0.346,109,5,0,0,0,0,0,/8H,,perkibl01,0.429,83,28.6
467,Tommy Pham,37,PIT,NL,0.9,71,250,224,22,57,10,0,4,27,3,1,22,57,0.254,0.32,0.353,0.673,87,0.311,91,79,8,1,0,3,1,*7/9HD,,phamth01,0.319,91.1,44.6
468,Kevin Pillar,36,TEX,AL,-0.1,20,43,43,6,9,2,0,0,1,3,0,0,8,0.209,0.209,0.256,0.465,35,0.214,22,11,0,0,0,0,0,/8H9D7,,pillake01,0.257,86.1,20
469,Jorge Polanco#,31,SEA,AL,1.1,82,309,279,35,71,13,0,15,46,3,2,22,44,0.254,0.313,0.462,0.775,124,0.334,125,129,5,3,2,3,0,D4/H53,,polanjo01,0.251,89.8,45.4
470,Zach Pop,28,SEA,AL,0,1,0,0,0,0,0,0,0,0,0,0,0,0,,,,,,,,0,0,0,0,0,0,/1,,popza01,,,
471,Logan Porter,29,SFG,NL,0,4,9,7,2,1,0,0,0,1,0,0,1,2,0.143,0.333,0.143,0.476,45,0.259,65,1,0,1,0,0,0,/21,,portelo01,0.2,89.4,0
472,Yohel Pozo,28,STL,NL,0.6,40,102,97,12,30,7,0,4,15,0,0,4,11,0.309,0.333,0.505,0.838,133,0.36,130,49,1,0,0,1,0,2H/3D,,pozoyo01,0.313,87.6,34.5
473,Jurickson Profar#,32,ATL,NL,-0.3,20,88,81,13,19,5,0,3,8,1,0,6,17,0.235,0.295,0.407,0.703,95,0.322,100,33,1,1,0,0,0,7,,profaju01,0.262,86.4,34.9
474,A.J. Puk*,30,ARI,NL,0,2,0,0,0,0,0,0,0,0,0,0,0,0,,,,,,,,0,0,0,0,0,0,/1,,pukaj01,,,
475,Edgar Quero#,22,CHW,AL,0.9,64,224,197,14,52,11,0,2,22,0,1,22,39,0.264,0.344,0.35,0.694,96,0.312,99,69,3,3,0,2,0,2H/D,,queroed01,0.316,90.9,48.1
476,Ceddanne Rafaela,24,BOS,AL,4,97,360,336,56,91,21,2,14,48,14,3,16,67,0.271,0.311,0.47,0.781,114,0.339,112,158,3,4,3,1,0,*8/4H,,rafaece01,0.301,89.9,46.5
477,Cal Raleigh#,28,SEA,AL,5,99,438,367,68,94,16,0,39,84,11,2,63,108,0.256,0.37,0.619,0.988,184,0.41,179,227,5,5,0,3,12,*2D/H,AS,raleica01,0.247,92,49.2
478,Luke Raley*,30,SEA,AL,0.5,47,166,138,19,31,6,0,4,18,2,1,16,43,0.225,0.345,0.355,0.701,107,0.326,119,49,2,10,1,1,0,93/HD87,,raleylu01,0.293,87.9,43.3
479,Agustín Ramírez,23,MIA,NL,-0.1,76,323,303,43,74,22,1,14,44,1,2,19,63,0.244,0.288,0.462,0.75,104,0.32,100,140,8,0,0,1,1,D2/H,,ramirag01,0.264,91.9,48.1
480,José Ramírez#,32,CLE,AL,3.9,97,414,363,61,107,18,2,21,56,30,6,41,45,0.295,0.37,0.529,0.898,146,0.386,142,192,2,5,0,5,14,*5D,AS,ramirjo01,0.285,89.4,39.6
481,Heliot Ramos,25,SFG,NL,1.1,100,436,384,52,102,18,1,14,50,5,4,34,103,0.266,0.339,0.427,0.767,121,0.333,119,164,10,12,0,6,2,*7/DH,,ramoshe02,0.322,91.5,46.8
482,John Rave*,27,KCR,AL,-0.2,40,94,81,10,17,4,0,3,12,5,2,10,23,0.21,0.293,0.37,0.664,85,0.291,79,30,1,0,2,1,0,97/H8D,,ravejo01,0.25,86.4,41
483,Colin Rea,34,CHC,NL,0,1,1,1,0,0,0,0,0,0,0,0,0,1,0,0,0,0,-100,0,-127,0,0,0,0,0,0,1,,reaco01,,,
484,J.T. Realmuto,34,PHI,NL,1.3,83,340,315,36,84,18,1,5,33,6,2,23,83,0.267,0.321,0.378,0.698,92,0.315,92,119,11,2,0,0,1,*2/D,,realmjt01,0.348,90.2,44.8
485,Rob Refsnyder,34,BOS,AL,1.1,44,132,114,19,31,8,0,6,17,3,0,15,37,0.272,0.356,0.5,0.856,135,0.382,143,57,3,1,0,2,1,9H7/D,,refsnro01,0.342,93.2,53.2
486,Hunter Renfroe,33,KCR,AL,-1.5,35,108,99,5,18,6,0,0,4,0,0,8,21,0.182,0.241,0.242,0.483,36,0.216,27,24,4,0,0,1,0,9/HD,,renfrhu01,0.228,88.5,35.4
487,Luis Rengifo#,28,LAA,AL,-0.7,94,355,333,33,81,13,1,4,22,2,6,18,64,0.243,0.282,0.324,0.607,68,0.266,66,108,7,1,1,2,0,54/H9D,,rengilu01,0.288,87.1,35.1
488,Pablo Reyes,31,NYY,AL,-0.4,24,34,31,4,6,1,0,0,2,1,0,2,10,0.194,0.242,0.226,0.468,33,0.222,23,7,0,0,1,0,0,H/94517D,,reyespa01,0.286,84.8,33.3
489,Bryan Reynolds#,30,PIT,NL,-0.8,96,411,376,37,88,20,2,10,50,3,2,30,113,0.234,0.292,0.378,0.67,84,0.296,81,142,11,2,0,3,1,*9D,,reynobr01,0.305,91.5,47.9
490,Ben Rice*,26,NYY,AL,0.9,83,316,276,45,65,17,2,15,32,3,2,29,64,0.236,0.327,0.475,0.802,121,0.344,120,131,8,9,0,1,0,D32H,,ricebe01,0.253,93.1,54
491,Trevor Richards,32,KCR,AL,0,1,0,0,0,0,0,0,0,0,0,0,0,0,,,,,,,,0,0,0,0,0,0,/1,,richatr01,,,
492,Austin Riley,28,ATL,NL,1.6,93,408,379,51,104,19,1,14,48,2,1,25,113,0.274,0.324,0.441,0.764,113,0.335,111,167,8,3,0,1,1,*5,,rileyau01,0.356,92.5,50.9
493,Ryan Ritter,24,COL,NL,0.3,31,113,101,13,24,4,2,1,12,1,0,7,35,0.238,0.291,0.347,0.637,72,0.299,74,35,3,1,3,1,0,4-Jun,,rittery01,0.348,80.5,30.4
494,Leo Rivas#,27,SEA,AL,0.6,30,73,60,14,17,1,0,0,4,4,0,12,15,0.283,0.411,0.3,0.711,115,0.345,123,18,1,1,0,0,0,4/H6D17,,rivasle01,0.378,83.9,17.8
495,Emmanuel Rivera,29,BAL,AL,0.5,26,77,70,3,16,3,0,0,3,1,0,6,12,0.229,0.299,0.271,0.57,65,0.277,73,19,3,1,0,0,0,5/3HD1,,riverem01,0.276,87.1,32.8
496,Luis Robert Jr.,27,CHW,AL,0.6,83,323,282,35,58,9,0,10,40,25,6,34,94,0.206,0.292,0.344,0.636,78,0.3,81,97,6,1,1,2,3,*8/DH,,roberlu01,0.267,89.2,42.3
497,Will Robertson*,27,2TM,AL,-0.4,7,18,16,1,1,0,0,0,1,0,0,1,11,0.063,0.167,0.063,0.229,-32,0.128,-40,1,1,1,0,0,0,/798H,,roberwi02,0.2,89.3,60
498,Víctor Robles,28,SEA,AL,-0.2,10,46,44,3,12,3,0,0,3,3,0,0,7,0.273,0.283,0.341,0.624,83,0.281,75,15,1,1,0,1,0,9,,roblevi01,0.316,85.1,18.4
499,Brayan Rocchio#,24,CLE,AL,-0.7,53,162,143,14,30,10,0,1,19,2,4,7,30,0.21,0.266,0.301,0.567,57,0.24,47,43,3,5,4,3,0,6/H,,rocchbr01,0.252,84.5,32.8
500,Alan Roden*,25,TOR,AL,-0.1,42,111,97,12,20,5,1,1,8,0,1,7,24,0.206,0.279,0.309,0.589,64,0.255,56,30,0,4,0,3,0,79/H8,,rodenal01,0.253,84.9,30.3
501,Brendan Rodgers,28,HOU,AL,0.1,43,128,115,12,22,4,0,2,11,0,1,11,46,0.191,0.266,0.278,0.544,53,0.264,64,32,2,1,0,1,0,4/HD,,rodgebr02,0.294,90.5,48.6
502,Endy Rodríguez#,25,PIT,NL,-0.6,18,57,52,5,9,4,0,0,2,0,1,5,14,0.173,0.246,0.25,0.496,38,0.22,33,13,0,0,0,0,0,3/2H,,rodrien01,0.237,92.2,45.9
503,Johnathan Rodríguez,25,CLE,AL,-0.8,24,62,58,5,9,3,1,1,4,0,0,4,18,0.155,0.21,0.293,0.503,38,0.235,38,17,2,0,0,0,0,9/H7D,,rodrijo10,0.205,91.8,55
504,Julio Rodríguez,24,SEA,AL,3.9,100,452,412,65,103,17,3,14,51,19,4,30,102,0.25,0.312,0.408,0.72,110,0.328,116,168,9,8,0,2,1,*8/DH,AS,rodriju01,0.299,90.9,45.7
505,Jake Rogers,30,DET,AL,0.1,27,86,72,8,12,2,1,2,11,0,0,12,22,0.167,0.282,0.306,0.588,65,0.274,68,22,0,0,1,1,0,2/1H,,rogerja03,0.204,88.6,40.4
506,Trevor Rogers*,27,BAL,AL,0,1,2,2,0,0,0,0,0,0,0,0,0,2,0,0,0,0,-100,0,-132,0,0,0,0,0,0,/1,,rogertr01,,,
507,Tyler Rogers,34,SFG,NL,0,1,0,0,0,0,0,0,0,0,0,0,0,0,,,,,,,,0,0,0,0,0,0,1,,rogerty01,,,
508,Johan Rojas,24,PHI,NL,0.4,67,160,141,22,32,3,2,1,16,12,2,12,38,0.227,0.282,0.298,0.58,60,0.271,52,42,2,0,4,3,0,8H/D,,rojasjo03,0.295,82.4,32.7
509,Josh Rojas*,31,CHW,AL,-1.2,57,182,164,11,29,8,0,1,10,4,1,15,47,0.177,0.243,0.244,0.487,38,0.233,38,40,4,0,1,2,0,54/7H,,rojasjo01,0.237,88.6,35.9
510,Miguel Rojas,36,LAD,NL,0.9,61,150,139,18,35,6,0,6,14,1,0,10,19,0.252,0.302,0.424,0.726,103,0.317,99,59,6,0,1,0,0,456/H13,,rojasmi02,0.254,86.1,26.7
511,Brent Rooker,30,ATH,AL,1.9,103,447,399,63,109,23,3,21,56,3,1,45,101,0.273,0.35,0.504,0.854,134,0.368,136,201,10,2,0,0,3,*D9/7H,AS,rookebr01,0.318,91.5,48.3
512,Ben Rortvedt*,27,TBR,AL,-0.7,26,70,63,2,6,1,0,0,6,0,0,7,14,0.095,0.186,0.111,0.297,-13,0.163,-12,7,0,0,0,0,0,2,,rortvbe01,0.122,80.2,18.4
513,Amed Rosario,29,WSN,NL,0.2,45,154,144,19,39,8,0,5,18,1,0,7,22,0.271,0.312,0.431,0.742,111,0.33,112,62,5,2,0,1,0,54H/D169,,rosaram01,0.288,90.9,44.3
514,Eddie Rosario*,33,2TM,NL,0,5,8,8,1,1,0,0,0,0,0,0,0,2,0.125,0.125,0.125,0.25,-29,0.113,-46,1,0,0,0,0,0,/DH9,,rosared01,0.167,87.3,66.7
515,Esteury Ruiz,26,LAD,NL,-0.2,12,16,16,1,4,0,0,1,2,2,0,0,6,0.25,0.25,0.438,0.688,89,0.322,81,7,0,0,0,0,0,/79H,,ruizes01,0.333,84.9,30
516,Keibert Ruiz#,26,WSN,NL,0.8,68,267,255,19,63,12,0,2,25,0,2,8,26,0.247,0.277,0.318,0.595,71,0.272,75,81,4,3,0,1,0,2/H,,ruizke01,0.268,86.2,31
517,Dalton Rushing*,24,LAD,NL,0.3,26,80,72,9,16,3,0,1,11,0,0,7,33,0.222,0.288,0.306,0.593,68,0.279,73,22,0,0,0,1,0,2/H3D,,rushida01,0.385,91,45
518,Adley Rutschman#,27,BAL,AL,1.4,68,276,242,31,55,9,1,8,20,0,0,32,45,0.227,0.319,0.372,0.691,96,0.304,95,90,7,1,0,1,0,2D/H,,rutscad01,0.247,89.9,39.4
519,Blake Sabol*,27,BOS,AL,-0.2,8,18,16,2,2,1,0,0,1,0,0,1,7,0.125,0.167,0.188,0.354,-1,0.157,-18,3,1,0,0,1,0,/2DH,,sabolbl01,0.2,87.8,40
520,Thomas Saggese,23,STL,NL,-0.2,29,91,87,6,21,6,0,1,10,0,0,3,23,0.241,0.264,0.345,0.609,70,0.273,68,30,2,0,0,1,0,456/HD,,saggeth01,0.313,90.6,46.2
521,César Salazar*,29,HOU,AL,-0.1,8,7,7,0,1,0,0,0,0,0,0,0,1,0.143,0.143,0.143,0.286,-19,0.128,-38,1,1,0,0,0,0,/H2D1,,salazce01,0.167,81.3,16.7
522,Ali Sánchez,28,TOR,AL,-0.2,5,11,11,0,2,1,0,0,0,0,0,0,3,0.182,0.182,0.273,0.455,24,0.185,2,3,1,0,0,0,0,/23H,,sanchal04,0.25,81.2,25
523,Gary Sánchez,32,BAL,AL,-0.4,29,101,91,13,21,2,0,5,24,0,0,4,27,0.231,0.297,0.418,0.715,101,0.31,99,38,2,5,0,1,0,2/D1H,,sanchga02,0.267,93.3,57.8
524,Jesús Sánchez*,27,MIA,NL,0.6,80,312,283,37,73,11,4,8,32,9,2,26,66,0.258,0.321,0.41,0.73,101,0.326,100,116,8,1,0,2,1,*9H8/D7,,sanchje02,0.308,92,45.2
525,Nick Sandlin,28,TOR,AL,0,1,0,0,0,0,0,0,0,0,0,0,0,0,,,,,,,,0,0,0,0,0,0,1,,sandlni01,,,
526,Javier Sanoja,22,MIA,NL,0.4,71,204,183,24,44,11,3,1,19,3,5,13,29,0.24,0.285,0.35,0.635,75,0.276,73,64,1,0,4,4,0,478H5/613D,,sanojja01,0.274,86.5,36.9
527,Carlos Santana#,39,CLE,AL,1.2,94,381,329,43,75,7,0,11,43,6,0,45,71,0.228,0.323,0.35,0.672,87,0.306,88,115,6,3,0,4,1,*3D/H,,santaca01,0.255,88.2,40.1
528,Anthony Santander#,30,TOR,AL,-0.9,50,209,184,14,33,5,0,6,18,0,0,24,55,0.179,0.273,0.304,0.577,60,0.258,55,56,6,0,0,1,1,D9/7H3,,santaan02,0.218,89.9,40.8
529,Nolan Schanuel*,23,LAA,AL,1.7,97,417,360,48,100,19,1,8,41,4,1,45,49,0.278,0.367,0.403,0.77,114,0.343,117,145,8,7,3,2,4,*3,,schanno01,0.302,86.6,28.2
530,Casey Schmitt,26,SFG,NL,0.7,45,151,134,15,33,5,0,5,17,0,0,13,39,0.246,0.327,0.396,0.722,109,0.328,114,53,3,3,1,0,0,354/H6D,,schmica01,0.311,89.3,46.9
531,Daniel Schneemann*,28,CLE,AL,1.1,81,253,224,29,48,10,0,9,26,7,1,27,63,0.214,0.302,0.379,0.681,88,0.312,91,85,4,1,1,0,1,4H56/897,,schneda04,0.257,87.3,38.8
532,Davis Schneider,26,TOR,AL,0.5,37,100,81,15,18,3,0,5,12,0,1,17,29,0.222,0.37,0.444,0.814,125,0.36,133,36,3,2,0,0,0,74/H,,schneda03,0.277,87,36.5
533,John Schreiber,31,KCR,AL,0,1,0,0,0,0,0,0,0,0,0,0,0,0,,,,,,,,0,0,0,0,0,0,1,,schrejo01,,,
534,Max Schuemann,28,ATH,AL,1.3,68,120,101,14,25,1,2,2,6,6,1,16,19,0.248,0.358,0.356,0.715,101,0.327,101,36,4,2,0,1,0,5H46/879D,,schuema01,0.284,84.8,28.9
535,Aaron Schunk,27,COL,NL,-0.3,11,29,28,1,6,1,0,0,0,0,0,0,8,0.214,0.214,0.25,0.464,25,0.206,7,7,1,0,1,0,0,/65H4D,,schunaa01,0.3,83.2,23.8
536,Kyle Schwarber*,32,PHI,NL,3.1,101,447,371,71,92,14,1,33,75,9,2,68,120,0.248,0.376,0.558,0.934,153,0.401,153,207,1,8,0,0,5,*D/7,AS,schwaky01,0.271,94.3,59.4
537,Tanner Scott,30,LAD,NL,0,1,0,0,0,0,0,0,0,0,0,0,0,0,,,,,,,,0,0,0,0,0,0,1,,scottta01,,,
538,Victor Scott II*,24,STL,NL,1.8,95,342,297,43,69,11,1,5,33,25,2,30,89,0.232,0.318,0.327,0.644,83,0.306,81,97,3,8,5,2,0,*8/97,,scottvi01,0.312,81.3,27.2
539,Connor Seabold,29,TBR,AL,0,1,0,0,0,0,0,0,0,0,0,0,0,0,,,,,,,,0,0,0,0,0,0,/1,,seaboco01,,,
540,Corey Seager*,31,TEX,AL,3.6,70,305,261,40,71,14,0,14,37,1,0,38,62,0.272,0.37,0.487,0.857,147,0.366,146,127,10,4,0,2,4,6/D,,seageco01,0.305,93.5,55.7
541,Anthony Seigler#,26,MIL,NL,-0.1,8,19,18,0,3,0,0,0,2,0,1,1,1,0.167,0.211,0.167,0.377,9,0.153,3,3,0,0,0,0,0,/5HD,,seiglan01,0.176,84.5,35.3
542,Marcus Semien,34,TEX,AL,2.7,101,421,370,49,85,11,1,13,50,8,1,42,80,0.23,0.309,0.37,0.679,97,0.306,99,137,5,3,0,6,0,*4,,semiema01,0.254,88.5,36.6
543,Hayden Senger,28,NYM,NL,0,21,49,46,5,8,1,0,0,0,0,0,2,14,0.174,0.208,0.196,0.404,18,0.183,9,9,2,0,1,0,0,2/H,,sengeha01,0.25,84.8,36.4
544,Matt Shaw,23,CHC,NL,1.3,68,247,222,31,49,11,0,4,20,13,2,21,46,0.221,0.291,0.324,0.616,79,0.282,75,72,1,2,0,2,0,5/H4,,shawma01,0.259,83,27.7
545,Gavin Sheets*,29,SDP,NL,0.7,97,370,335,37,86,15,1,14,51,1,1,29,72,0.257,0.319,0.433,0.752,108,0.33,108,145,7,3,0,3,1,D73H,,sheetga01,0.286,91.2,50.4
546,Zack Short,30,HOU,AL,0.2,14,34,31,5,7,2,0,1,5,0,0,2,13,0.226,0.294,0.387,0.681,89,0.297,85,12,0,1,0,0,0,6/HD,,shortza01,0.353,84.5,33.3
547,Michael Siani*,25,STL,NL,-0.1,19,19,17,4,4,0,0,0,0,0,0,2,7,0.235,0.316,0.235,0.551,59,0.264,61,4,0,0,0,0,0,8/H,,sianimi01,0.4,74.5,22.2
548,Ronny Simón#,25,MIA,NL,-0.9,19,56,47,6,11,2,0,0,5,0,0,7,7,0.234,0.327,0.277,0.604,70,0.295,80,13,1,0,1,1,0,/47D6H,,simonro01,0.268,85.5,33.3
549,Chandler Simpson*,24,TBR,AL,0.4,58,222,206,26,62,7,1,0,15,30,6,11,20,0.301,0.333,0.345,0.678,92,0.322,90,71,4,0,1,2,0,87/H9D,,simpsch01,0.33,81,17.6
550,Jose Siri,29,NYM,NL,-0.2,10,24,20,5,1,1,0,0,1,2,0,4,8,0.05,0.208,0.1,0.308,-6,0.189,1,2,0,0,0,0,0,/8H,,sirijo01,0.083,81.1,16.7
551,Austin Slater,32,CHW,AL,0.4,47,122,110,17,26,6,1,4,10,0,0,11,34,0.236,0.306,0.418,0.724,101,0.318,102,46,5,0,1,0,0,H79/D38,,slateau01,0.306,91.4,50
552,Cam Smith,22,HOU,AL,1.8,87,348,316,39,84,17,2,7,42,5,1,28,97,0.266,0.333,0.399,0.732,104,0.326,105,126,9,4,0,0,0,*9,,smithca07,0.363,88.7,43.8
553,Dominic Smith*,30,SFG,NL,0.2,30,101,88,10,22,6,0,2,10,1,0,9,20,0.25,0.327,0.386,0.713,106,0.316,104,34,3,2,0,2,0,3/H9,,smithdo02,0.294,88,32.9
554,Josh Smith*,27,TEX,AL,2.6,89,356,315,49,87,17,1,8,25,9,3,34,57,0.276,0.353,0.413,0.766,123,0.346,130,130,2,4,2,1,2,653/DH4789,,smithjo11,0.315,87,32.7
555,Pavin Smith*,29,ARI,NL,0.8,79,264,222,33,58,15,1,8,28,2,2,40,84,0.261,0.371,0.446,0.817,127,0.359,128,99,7,0,0,2,1,D3H,,smithpa04,0.379,90,45.7
556,Will Smith,30,LAD,NL,4,79,319,265,51,86,16,1,14,48,2,3,46,57,0.325,0.423,0.551,0.974,173,0.414,171,146,5,3,0,5,0,*2/H,AS,smithwi05,0.362,91.3,46.5
557,Tyler Soderstrom*,23,ATH,AL,1.6,102,413,369,51,95,15,1,18,57,6,2,37,96,0.257,0.332,0.45,0.782,115,0.337,113,166,13,5,0,2,1,73/HD,,soderty01,0.3,90.9,48
558,Nick Sogard#,27,BOS,AL,-0.1,17,65,59,10,15,5,0,0,3,0,0,3,12,0.254,0.323,0.339,0.662,85,0.293,82,20,3,3,0,0,0,3/546H,,sogarni01,0.319,87.8,36.2
559,Nick Solak,30,PIT,NL,-0.5,4,11,11,0,1,0,0,0,0,0,0,0,2,0.091,0.091,0.091,0.182,-49,0.073,-78,1,0,0,0,0,0,/347H,,solakni01,0.111,82.6,33.3
560,Donovan Solano,37,SEA,AL,0,63,161,148,9,36,3,1,3,20,0,0,8,31,0.243,0.292,0.338,0.63,85,0.282,87,50,9,3,0,2,0,3H/5,,solando01,0.284,87.3,37
561,Jorge Soler,33,LAA,AL,-0.3,81,314,278,31,60,12,0,12,34,0,0,28,93,0.216,0.294,0.388,0.682,88,0.305,89,108,5,4,0,3,0,9D/H,,solerjo01,0.273,89.7,42
562,Edmundo Sosa,29,PHI,NL,1.1,53,152,139,15,38,8,1,3,22,0,0,8,32,0.273,0.32,0.41,0.73,100,0.324,99,57,3,2,1,1,0,45H/678D,,sosaed01,0.333,86.4,35.8
563,Lenyn Sosa,25,CHW,AL,0.4,86,319,307,29,81,15,1,9,34,2,1,9,75,0.264,0.289,0.407,0.696,93,0.304,91,125,4,2,1,0,0,*43/DH5,,sosale01,0.323,90.3,42
564,Juan Soto*,26,NYM,NL,4.1,101,444,356,72,91,15,0,24,59,13,1,82,83,0.256,0.393,0.5,0.893,157,0.4,162,178,14,1,1,4,9,*9/D,,sotoju01,0.265,93.9,56
565,Bennett Sousa*,30,HOU,AL,0,1,0,0,0,0,0,0,0,0,0,0,0,0,,,,,,,,0,0,0,0,0,0,1,,sousabe01,,,
566,George Springer,35,TOR,AL,1.9,95,378,318,58,89,17,1,17,55,12,0,48,72,0.28,0.374,0.5,0.874,140,0.384,142,159,10,2,0,4,1,D98/H7,,springe01,0.309,90.1,47
567,Jacob Stallings,35,2TM,2LG,-1.1,39,122,112,4,15,4,0,0,8,0,0,6,39,0.134,0.198,0.17,0.368,2,0.174,-10,19,4,3,1,0,0,2/H1,,stallja01,0.205,84.8,27
568,Giancarlo Stanton,35,NYY,AL,0.6,26,97,85,11,23,3,0,5,17,0,0,11,28,0.271,0.361,0.482,0.843,134,0.373,141,41,1,1,0,0,1,D/H,,stantmi03,0.346,94.5,54.4
569,Spencer Steer,27,CIN,NL,0.1,94,372,342,41,84,15,1,11,41,6,1,25,86,0.246,0.304,0.392,0.696,88,0.31,85,134,10,4,0,1,0,*3D/7H9,,steersp01,0.297,86.3,29.7
570,Michael Stefanic,29,TOR,AL,0,9,25,22,1,4,0,0,0,0,0,0,3,3,0.182,0.28,0.182,0.462,33,0.221,28,4,0,0,0,0,0,/4H16,,stefami01,0.211,90.7,42.1
571,Tyler Stephenson,28,CIN,NL,0.8,58,234,206,25,48,12,0,7,30,0,1,25,82,0.233,0.312,0.393,0.705,91,0.315,91,81,3,0,0,3,1,2D/H,,stephty01,0.342,91.4,51.6
572,Chad Stevens,26,LAA,AL,-0.2,5,14,13,1,2,0,0,0,0,0,1,0,7,0.154,0.154,0.154,0.308,-14,0.1,-43,2,0,0,1,0,0,/45,,stevech02,0.333,74.4,14.3
573,Cal Stevenson*,28,PHI,NL,-0.2,5,8,8,0,2,0,0,0,1,0,0,0,2,0.25,0.25,0.25,0.5,39,0.214,21,2,0,0,0,0,0,/8H,,steveca01,0.333,86.8,16.7
574,Trevor Story,32,BOS,AL,2.3,99,403,380,51,96,13,0,15,59,17,0,19,112,0.253,0.294,0.405,0.699,92,0.315,90,154,2,3,1,0,0,*6/HD,,storytr01,0.32,90.9,47.8
575,Bryson Stott*,27,PHI,NL,0,90,358,320,38,73,9,2,6,38,14,3,33,59,0.228,0.301,0.325,0.626,73,0.29,71,104,2,1,2,2,0,*4/H,,stottbr01,0.261,86.2,28.3
576,Kyle Stowers*,27,MIA,NL,2.9,96,367,322,49,95,15,3,22,61,4,1,37,103,0.295,0.372,0.565,0.937,156,0.397,152,182,6,4,1,3,3,*798H/D,AS,stoweky01,0.365,91.1,53.6
577,Myles Straw,30,TOR,AL,1.4,83,197,178,30,43,9,0,1,16,7,1,11,29,0.242,0.288,0.309,0.597,66,0.281,66,55,5,1,6,1,0,*8H7/49,,strawmy01,0.282,84.8,26.9
578,Eugenio Suárez,33,ARI,NL,3.4,100,412,366,64,93,18,0,36,86,1,0,28,108,0.254,0.325,0.598,0.924,150,0.399,155,219,7,13,0,5,1,*5/DH,AS,suareeu01,0.251,91.3,51.7
579,Brett Sullivan*,31,PIT,NL,0,3,9,6,1,1,0,0,0,2,0,0,1,3,0.167,0.333,0.167,0.5,45,0.259,54,1,0,1,0,1,0,/2,,sullibr01,0.25,98,100
580,Jack Suwinski*,26,PIT,NL,-0.2,25,68,59,5,6,1,0,1,2,5,1,9,30,0.102,0.221,0.169,0.39,11,0.197,2,10,1,0,0,0,1,7/89HD,,suwinja01,0.179,86.6,37.9
581,Seiya Suzuki,30,CHC,NL,2,97,427,387,54,100,24,3,26,81,3,2,35,112,0.258,0.316,0.537,0.854,142,0.366,141,208,8,0,0,5,1,D97/8,,suzukse01,0.291,92.1,50
582,Dansby Swanson,31,CHC,NL,2.6,100,420,386,59,98,13,2,16,47,8,3,29,112,0.254,0.303,0.422,0.725,108,0.321,109,163,4,0,1,4,1,*6,,swansda01,0.313,90.3,49.1
583,Trey Sweeney*,25,DET,AL,-0.2,84,257,230,28,48,5,1,5,27,3,1,23,67,0.209,0.276,0.304,0.581,63,0.262,59,70,2,0,0,4,0,*6H,,sweentr01,0.265,88.2,35.8
584,Fernando Tatis Jr.,26,SDP,NL,4.3,99,434,374,67,98,14,2,16,42,22,3,55,79,0.262,0.362,0.439,0.8,123,0.368,128,164,4,4,0,1,7,*9/D,AS,tatisfe02,0.293,92.9,50.9
585,Mike Tauchman*,34,CHW,AL,1.4,49,202,175,25,50,13,1,5,25,0,0,24,48,0.286,0.376,0.457,0.833,133,0.368,139,80,1,2,0,1,0,9D/H,,tauchmi01,0.366,89.9,45.7
586,Leody Taveras#,26,2TM,AL,-0.5,58,180,171,13,35,6,1,3,17,9,3,5,50,0.205,0.226,0.304,0.53,53,0.238,49,52,0,0,3,1,0,89/H,,taverle01,0.269,85,35.2
587,Tim Tawa,26,ARI,NL,0.3,59,173,155,21,31,6,0,6,14,7,2,13,47,0.2,0.262,0.355,0.616,70,0.282,69,55,4,1,1,3,0,48H3/759,,tawati01,0.238,87.9,43.2
588,Chris Taylor,34,2TM,2LG,-0.3,40,70,66,10,13,5,0,1,5,1,1,1,26,0.197,0.243,0.318,0.561,56,0.242,48,21,1,3,0,0,0,7/8H49,,tayloch03,0.308,82.8,30
589,Michael A. Taylor,34,CHW,AL,0.5,85,208,186,23,41,15,1,5,25,7,3,18,72,0.22,0.29,0.392,0.682,90,0.293,83,73,4,1,1,2,1,*978H/D,,taylomi02,0.324,88.5,49.1
590,Samad Taylor,26,SEA,AL,-0.1,4,9,8,1,1,0,0,0,0,0,0,0,1,0.125,0.125,0.125,0.25,-26,0.099,-66,1,0,0,1,0,0,/98H,,taylosa04,0.143,68,12.5
591,Tyrone Taylor,31,NYM,NL,0.9,90,280,256,25,54,13,3,2,17,10,1,11,65,0.211,0.264,0.309,0.572,66,0.268,66,79,3,8,2,2,1,*8/H79,,tayloty01,0.272,85.7,34.7
592,Kyle Teel*,23,CHW,AL,0.6,27,96,78,12,19,5,0,0,6,1,1,14,28,0.244,0.368,0.308,0.676,94,0.308,96,24,0,2,1,1,0,2/D7H,,teelky01,0.373,88.9,42.3
593,Rowdy Tellez*,30,2TM,AL,-0.6,66,195,182,21,38,6,0,12,30,1,0,9,52,0.209,0.251,0.44,0.691,98,0.294,94,80,6,2,0,2,0,3H/D,,tellero01,0.217,91.5,48.5
594,José Tena*,24,WSN,NL,0.3,44,154,137,18,34,12,2,0,13,2,1,15,33,0.248,0.325,0.365,0.69,98,0.306,96,50,4,1,0,1,0,5/H4,,tenajo01,0.324,89.1,42.2
595,Matt Thaiss*,30,2TM,AL,0.9,56,178,145,16,32,5,1,1,16,1,1,29,42,0.221,0.356,0.29,0.646,85,0.304,93,42,2,2,1,1,0,2/H3D,,thaisma01,0.301,87.6,43.3
596,Alek Thomas*,25,ARI,NL,0.4,90,292,268,33,66,13,2,5,26,5,2,15,77,0.246,0.294,0.366,0.66,83,0.297,82,98,2,4,3,2,0,*8/HD,,thomaal01,0.324,89.6,40.7
597,Colby Thomas,24,ATH,AL,-0.3,6,15,15,1,2,1,0,0,0,0,0,0,8,0.133,0.133,0.2,0.333,-9,0.142,-29,3,2,0,0,0,0,/7H9D,,thomaco03,0.286,84.4,42.9
598,Lane Thomas,29,CLE,AL,-0.5,39,142,125,10,20,2,0,4,11,4,1,14,44,0.16,0.246,0.272,0.518,44,0.243,42,34,4,1,0,2,0,8/H9D,,thomala02,0.203,87.8,31.3
599,Rhylan Thomas*,25,SEA,AL,0,3,10,8,2,1,1,0,0,2,0,0,1,0,0.125,0.2,0.25,0.45,31,0.283,88,2,0,0,0,1,0,/97,,thomarh01,0.111,83.7,33.3
600,Ryan Thompson,33,ARI,NL,0,1,0,0,0,0,0,0,0,0,0,0,0,0,,,,,,,,0,0,0,0,0,0,1,,thompry02,,,
601,Trent Thornton,31,SEA,AL,0,1,0,0,0,0,0,0,0,0,0,0,0,0,,,,,,,,0,0,0,0,0,0,1,,thorntr01,,,
602,Michael Toglia#,26,COL,NL,-1.3,82,320,290,21,57,15,1,10,31,3,0,27,123,0.197,0.266,0.359,0.624,67,0.279,60,104,7,1,0,2,2,*3/DH,,toglimi01,0.296,89.9,44
603,Tyler Tolbert,27,KCR,AL,0.1,27,16,15,4,3,0,0,0,0,9,1,0,5,0.2,0.25,0.2,0.45,29,0.32,27,3,0,1,0,0,0,H/8749D56,,tolbety01,0.3,90.7,50
604,Spencer Torkelson,25,DET,AL,1.8,96,403,343,56,82,22,0,21,59,1,1,46,96,0.239,0.34,0.487,0.827,128,0.348,124,167,10,9,0,5,5,*3D/H,,torkesp01,0.264,90.4,45.2
605,Abraham Toro#,28,BOS,AL,0.5,56,206,189,25,52,12,0,5,20,1,0,12,31,0.275,0.325,0.418,0.743,105,0.343,117,79,0,3,0,2,1,35/H1,,toroab01,0.303,86.6,33.1
606,Luis Torrens,29,NYM,NL,1,66,204,186,9,41,10,1,2,16,0,0,17,46,0.22,0.289,0.317,0.606,76,0.279,79,59,5,1,0,0,0,2/HD3,,torrelu01,0.283,91.8,54.3
607,Gleyber Torres,28,DET,AL,2.3,89,381,318,52,91,17,0,9,45,4,1,54,51,0.286,0.391,0.425,0.816,129,0.368,136,135,7,4,0,5,0,*4D/H,AS,torregl01,0.312,90.1,39.9
608,Ezequiel Tovar,23,COL,NL,0.6,36,154,143,17,38,7,2,4,13,2,2,7,34,0.266,0.305,0.427,0.731,95,0.32,94,61,2,1,3,0,0,6,,tovarez01,0.324,88.8,43.8
609,Taylor Trammell*,27,HOU,AL,0.4,19,51,43,7,9,3,0,2,8,0,0,7,16,0.209,0.314,0.419,0.732,103,0.317,100,18,0,0,0,1,0,78/H,,trammta01,0.269,94.9,50
610,Alan Trejo,29,COL,NL,-0.4,13,43,40,3,7,2,0,0,1,0,0,1,7,0.175,0.19,0.225,0.415,12,0.184,-8,9,3,0,1,1,0,1-Jun,,trejoal01,0.206,86.3,28.6
611,Jose Trevino,32,CIN,NL,0.7,59,195,180,22,48,17,0,4,14,0,0,12,23,0.267,0.309,0.428,0.737,98,0.324,96,77,6,0,1,2,0,2/D1H,,trevijo01,0.284,87.4,40.9
612,Jared Triolo,27,PIT,NL,0.1,55,160,139,12,22,6,0,3,10,5,1,17,29,0.158,0.253,0.266,0.519,45,0.253,46,37,3,1,2,1,1,3645/HD,,triolja01,0.176,86.9,37.2
613,Chadwick Tromp,30,2TM,2LG,0.1,8,22,21,2,3,1,0,1,1,0,0,1,6,0.143,0.182,0.333,0.515,42,0.262,63,7,1,0,0,0,0,/2,,trompch01,0.143,90.2,42.9
614,Mike Trout,33,LAA,AL,0.9,75,324,265,39,63,6,1,17,44,2,0,50,91,0.238,0.361,0.46,0.821,126,0.349,121,122,5,4,0,5,8,D9/H,,troutmi01,0.284,91.4,51.1
615,Kyle Tucker*,28,CHC,NL,4.2,100,443,371,71,102,19,4,18,57,23,1,65,62,0.275,0.383,0.493,0.876,152,0.391,152,183,6,2,0,3,7,*9D/H,AS,tuckeky01,0.286,90.3,42.3
616,Brice Turang*,25,MIL,NL,2.8,97,410,364,60,100,15,0,6,39,18,8,40,89,0.275,0.345,0.365,0.71,102,0.326,106,133,2,1,1,4,1,*4/H,,turanbr02,0.344,89.1,45.2
617,Justin Turner,40,CHC,NL,-0.1,53,141,122,10,26,4,0,2,13,2,0,14,23,0.213,0.291,0.295,0.586,71,0.283,79,36,2,1,0,4,0,3HD/5,,turneju01,0.238,88.5,30.1
618,Trea Turner,32,PHI,NL,2.9,99,444,406,65,117,19,2,11,41,25,6,32,73,0.288,0.345,0.426,0.771,111,0.352,114,173,7,4,0,2,1,*6/H,,turnetr01,0.327,89.4,41.5
619,Luis Urías,28,ATH,AL,0.7,74,269,234,22,55,7,0,7,18,2,0,27,37,0.235,0.32,0.355,0.674,88,0.312,94,83,7,3,0,2,0,4/5H,,uriaslu01,0.25,86.7,31.2
620,Ramón Urías,31,BAL,AL,1,71,266,238,25,59,11,0,6,29,2,0,18,56,0.248,0.297,0.37,0.667,89,0.295,86,88,5,2,0,8,0,5/H3D4,,uriasra01,0.288,88.9,38.8
621,Gio Urshela,33,ATH,AL,-0.9,43,140,128,6,29,11,1,0,16,0,0,10,26,0.227,0.283,0.328,0.611,70,0.275,68,42,6,0,2,0,0,5/3DH,,urshegi01,0.284,86.8,34.6
622,Enmanuel Valdéz*,26,PIT,NL,0,31,102,91,7,19,4,2,2,12,0,0,11,16,0.209,0.294,0.363,0.657,81,0.293,78,33,2,0,0,0,0,3/4H9,,valdeen01,0.233,89.8,42.7
623,Ildemaro Vargas#,33,ARI,NL,0.2,10,29,28,5,8,2,0,1,4,0,0,0,7,0.286,0.31,0.464,0.775,112,0.338,111,13,0,1,0,0,0,/45H6D,,vargail01,0.35,88.9,47.6
624,Miguel Vargas,25,CHW,AL,1.3,98,404,358,51,79,25,2,12,40,4,0,39,69,0.221,0.304,0.402,0.707,97,0.311,95,144,5,5,0,2,0,53/DH,,vargami01,0.24,90,41.9
625,Daulton Varsho*,28,TOR,AL,0.8,24,100,92,14,19,5,1,8,20,1,0,5,31,0.207,0.24,0.543,0.783,109,0.316,96,50,0,0,0,3,1,8/DH,,varshda01,0.196,88.5,40.6
626,Andrew Vaughn,27,2TM,2LG,-1.6,58,231,216,13,44,10,0,7,31,0,0,13,47,0.204,0.247,0.347,0.594,65,0.258,58,75,6,0,0,2,0,3D/H,,vaughan01,0.226,91.6,48
627,Christian Vázquez,34,MIN,AL,0.1,54,173,158,10,30,7,0,2,12,0,1,13,30,0.19,0.254,0.272,0.526,45,0.25,49,43,2,1,0,1,0,2/H,,vazquch01,0.22,85.7,27.9
628,Luis Vázquez,25,BAL,AL,-0.2,9,13,13,1,1,0,0,0,1,0,0,0,3,0.077,0.077,0.077,0.154,-56,0.069,-78,1,0,0,0,0,0,/61H5D,,vazqulu01,0.1,88.2,60
629,Zac Veen*,23,COL,NL,-0.3,12,37,34,1,4,1,0,1,2,1,1,2,14,0.118,0.189,0.235,0.424,14,0.183,-1,8,0,1,0,0,0,/79H,,veenza01,0.158,85.9,30
630,Alex Verdugo*,29,ATL,NL,-0.2,56,213,197,21,47,10,0,0,12,1,0,14,31,0.239,0.296,0.289,0.585,66,0.27,64,57,1,2,0,0,0,7/H,,verdual01,0.283,89.9,43
631,Mark Vientos,25,NYM,NL,-0.7,71,273,251,22,56,10,2,6,25,0,0,18,66,0.223,0.278,0.351,0.629,81,0.284,83,88,6,2,0,2,0,5D/H3,,vientma01,0.276,90.7,46.5
632,Matt Vierling,28,DET,AL,-0.2,18,60,50,2,10,1,0,0,5,2,0,7,12,0.2,0.317,0.22,0.537,55,0.264,55,11,0,2,0,1,0,8/7H59D,,vierlma01,0.256,91.8,43.6
633,Ryan Vilade,26,2TM,NL,-0.1,8,15,13,1,1,0,0,0,0,0,0,2,5,0.077,0.2,0.077,0.277,-17,0.153,-17,1,1,0,0,0,0,/97HD,,viladry01,0.125,96.6,75
634,David Villar,28,SFG,NL,0,9,25,20,4,4,1,0,0,1,0,0,4,5,0.2,0.36,0.25,0.61,82,0.295,91,5,1,1,0,0,0,/3H5D,,villada01,0.267,81.6,26.7
635,Jorbit Vivas*,24,NYY,AL,0,27,64,54,6,9,2,0,1,5,0,0,5,13,0.167,0.274,0.259,0.533,51,0.249,49,14,0,3,0,0,0,45/H,,vivasjo01,0.2,86,36.6
636,Anthony Volpe,24,NYY,AL,1.3,100,403,358,42,76,22,3,12,53,10,7,35,94,0.212,0.284,0.391,0.675,86,0.29,82,140,7,3,1,6,0,*6/H,,volpean01,0.248,88.9,43.2
637,LaMonte Wade Jr.*,31,2TM,2LG,-1.6,76,232,200,18,35,8,2,2,18,1,0,26,54,0.175,0.278,0.265,0.543,57,0.255,58,53,2,3,2,1,1,39H/D7,,wadela01,0.228,88.9,31.5
638,Tyler Wade*,30,SDP,NL,-0.4,57,125,105,13,22,1,2,0,9,1,2,15,31,0.21,0.314,0.257,0.571,63,0.267,66,27,0,1,4,0,0,8H7/459D61,,wadety01,0.297,79.5,15.4
639,Eric Wagaman,27,MIA,NL,-1,90,360,333,33,78,20,1,5,33,3,1,22,68,0.234,0.281,0.345,0.626,73,0.284,71,115,10,1,0,4,0,*37/DH59,,wagamer01,0.277,90.5,44.6
640,Will Wagner*,26,TOR,AL,0,33,109,93,12,23,7,0,0,6,1,0,13,23,0.247,0.352,0.323,0.674,90,0.325,102,30,0,2,1,0,0,5/3DH,,wagnewi01,0.329,86.2,40.8
641,Christian Walker,34,HOU,AL,-0.6,95,401,366,39,86,13,1,13,51,1,0,25,108,0.235,0.294,0.383,0.677,88,0.3,87,140,9,7,0,3,0,*3,,walkech02,0.294,90.6,45.6
642,Jordan Walker,23,STL,NL,-0.9,60,212,196,23,44,7,1,3,25,3,2,13,68,0.224,0.278,0.316,0.595,68,0.275,71,62,3,2,0,1,0,9/H,,walkejo02,0.325,91.8,48.1
643,Ryan Walker,29,SFG,NL,0,1,0,0,0,0,0,0,0,0,0,0,0,0,,,,,,,,0,0,0,0,0,0,1,,walkery01,,,
644,Matt Wallner*,27,MIN,AL,0.4,60,218,189,24,40,10,2,11,19,0,2,25,64,0.212,0.312,0.46,0.772,109,0.334,112,87,1,3,0,1,0,9D/H,,wallnma01,0.252,92.3,49.6
645,Taylor Walls#,28,TBR,AL,2.3,88,270,239,30,51,8,1,3,33,12,6,24,55,0.213,0.279,0.293,0.572,61,0.257,57,70,1,0,1,6,0,*6/H45D,,wallsta01,0.257,84.2,25.3
646,Taylor Ward,31,LAA,AL,1.5,99,430,381,56,88,25,2,23,76,2,1,41,115,0.231,0.305,0.488,0.793,115,0.34,115,186,7,2,0,6,1,*7/D,,wardta01,0.261,90.3,41.9
647,Drew Waters#,26,KCR,AL,-0.3,71,219,206,21,50,6,3,1,14,5,3,11,60,0.243,0.288,0.316,0.603,69,0.282,76,65,2,2,0,0,0,789/HD,,waterdr01,0.338,86,29.2
648,Austin Wells*,25,NYY,AL,0.4,82,305,273,31,59,15,1,14,54,3,1,19,74,0.216,0.272,0.432,0.704,93,0.302,88,118,8,5,0,8,0,*2/HD,,wellsau01,0.233,90.8,48.3
649,Jordan Westburg,26,BAL,AL,1,49,200,187,32,48,6,1,10,21,1,2,10,49,0.257,0.305,0.46,0.765,114,0.335,120,86,3,3,0,0,0,5D4,,westbjo01,0.297,90.5,44.2
650,Shay Whitcomb,26,HOU,AL,-0.3,14,23,23,3,2,0,0,1,1,0,0,0,8,0.087,0.087,0.217,0.304,-19,0.166,-10,5,0,0,0,0,0,/4H5D7,,whitcsh01,0.071,85.1,20
651,Eli White,31,ATL,NL,0.3,70,190,179,27,43,7,3,4,17,6,1,9,42,0.24,0.28,0.38,0.66,84,0.303,85,68,2,1,1,0,1,79H/8D,,whiteel04,0.293,84.8,35.8
652,Luke Williams,28,ATL,NL,-0.3,25,19,18,3,2,1,0,0,2,3,0,0,6,0.111,0.158,0.167,0.325,-8,0.191,-18,3,1,1,0,0,0,6H/1D5,,willilu01,0.167,81,8.3
653,Ben Williamson,24,SEA,AL,1.1,77,268,254,35,65,12,0,1,19,3,1,11,62,0.256,0.289,0.315,0.604,78,0.27,77,80,4,1,2,0,0,*5/H,,willibe03,0.335,87.7,40.6
654,Bryse Wilson,27,CHW,AL,0,1,0,0,0,0,0,0,0,0,0,0,0,0,,,,,,,,0,0,0,0,0,0,1,,wilsobr02,,,
655,Jacob Wilson,23,ATH,AL,2.1,92,388,362,46,114,17,0,10,44,5,2,20,30,0.315,0.357,0.445,0.801,122,0.36,130,161,15,4,1,1,1,*6,AS,wilsoja05,0.322,84.7,25
656,Weston Wilson,30,PHI,NL,-0.3,20,42,36,3,7,0,0,1,4,0,0,6,13,0.194,0.31,0.278,0.587,64,0.299,81,10,1,0,0,0,0,7/H13D,,wilsowe01,0.273,87.1,34.8
657,Will Wilson,26,CLE,AL,-0.4,31,82,69,6,12,4,0,0,1,1,0,7,32,0.174,0.26,0.232,0.492,38,0.23,28,16,0,1,5,0,0,45/H1D,,wilsowi03,0.324,80.3,35.7
658,Jesse Winker*,31,NYM,NL,0,26,81,70,8,16,5,2,1,10,1,0,9,21,0.229,0.309,0.4,0.709,104,0.306,96,28,1,0,0,2,1,D/H7,,winkeje01,0.3,89.5,45.1
659,Jack Winkler,26,MIA,NL,-0.4,9,11,11,1,1,0,0,0,0,1,0,0,4,0.091,0.091,0.091,0.182,-49,0.105,-71,1,0,0,0,0,0,/34H6,,winklja01,0.143,88.3,28.6
660,Masyn Winn,23,STL,NL,2.4,90,379,346,57,93,20,0,7,34,6,5,27,66,0.269,0.325,0.387,0.713,101,0.313,99,134,9,3,1,2,0,*6/H,,winnma01,0.313,87.6,36.4
661,Brett Wisely*,26,SFG,NL,0.3,18,45,40,5,9,3,0,1,9,1,1,3,7,0.225,0.279,0.375,0.654,88,0.283,86,15,0,0,2,0,0,4/5H6D,,wiselbr01,0.25,83.7,28.6
662,Bobby Witt Jr.,25,KCR,AL,4.4,102,443,403,60,116,33,3,14,56,27,7,31,84,0.288,0.339,0.489,0.827,128,0.361,128,197,3,3,0,6,6,*6/D,AS,wittbo02,0.328,93.4,49.8
663,Connor Wong,29,BOS,AL,-0.8,36,101,90,6,13,0,0,0,1,1,1,9,24,0.144,0.228,0.144,0.372,7,0.188,6,13,6,1,0,1,0,2/H3D,,wongco01,0.194,83.6,29.9
664,James Wood*,22,WSN,NL,4.4,100,442,375,61,102,21,0,24,70,14,4,62,123,0.272,0.376,0.52,0.896,154,0.389,154,195,5,2,0,3,8,*7D,AS,woodja03,0.338,93.6,55.6
665,Gage Workman*,25,2TM,2LG,-0.3,12,17,16,0,3,1,0,0,2,1,0,1,7,0.188,0.235,0.25,0.485,41,0.23,33,4,0,0,0,0,0,/56HD,,workmga01,0.333,89.8,33.3
666,Austin Wynns,34,2TM,2LG,0.9,37,100,93,11,26,6,0,6,21,0,0,5,28,0.28,0.313,0.538,0.851,129,0.368,132,50,2,0,1,1,0,2/H3D,,wynnsau01,0.333,86.9,43.3
667,Mike Yastrzemski*,34,SFG,NL,2.2,90,349,303,36,72,14,1,8,28,6,2,43,80,0.238,0.333,0.37,0.703,104,0.323,109,112,4,1,1,1,4,*9/H1,,yastrmi01,0.296,88.6,41.7
668,Christian Yelich*,33,MIL,NL,1.7,95,403,360,51,94,11,0,19,66,15,5,37,109,0.261,0.337,0.45,0.787,121,0.349,122,162,4,5,0,1,3,*D7/H,,yelicch01,0.322,90,45.8
669,Masataka Yoshida*,31,BOS,AL,-0.1,8,26,25,1,6,2,0,0,1,1,0,0,2,0.24,0.269,0.32,0.589,64,0.266,55,8,1,1,0,0,0,/D7H,,yoshima02,0.261,93.3,47.8
670,Cole Young*,21,SEA,AL,1.1,39,143,128,14,33,5,0,2,12,0,0,11,30,0.258,0.324,0.344,0.668,97,0.294,96,44,2,2,1,1,1,4,,youngco01,0.32,87.3,31
671,Jacob Young,25,WSN,NL,0.9,76,244,215,24,54,8,1,0,18,10,9,18,32,0.251,0.318,0.298,0.615,79,0.28,84,64,4,3,8,0,0,*8/HD,,youngja03,0.295,81.9,31.1
672,Jared Young*,29,NYM,NL,-0.1,18,45,41,4,7,1,0,3,5,0,0,2,15,0.171,0.222,0.415,0.637,80,0.271,74,17,1,1,0,1,0,D/H17,,youngja02,0.167,83.8,37
,MLB Average,,,,,,,,,,,,,,,,,,0.245,0.316,0.401,0.717,100,0.319,100,,,,,,,,,-9999,0.291,88.9,41.1
